city,date,pm25_mean,pm10_mean,no2_mean,o3_mean,co_mean,aqi_mean,temp_mean,humidity_mean,wind_mean,pressure_mean,traffic_index_mean,vehicle_count_sum,congestion_mean,hospital_admissions,respiratory_admissions,population_est,district,population,area_km2,next_day_respiratory_admissions,risk_category,timestamp,pm25,pm10,no2,o3,co,admissions,pm25_lag1,pm25_lag3,pm25_lag7,pm25_roll3,pm25_roll7,pm10_lag1,pm10_lag3,pm10_lag7,pm10_roll3,pm10_roll7,no2_lag1,no2_lag3,no2_lag7,no2_roll3,no2_roll7,o3_lag1,o3_lag3,o3_lag7,o3_roll3,o3_roll7,co_lag1,co_lag3,co_lag7,co_roll3,co_roll7
CityA,2025-08-01,20.06125,25.5425,20.107916666666668,29.990416666666665,0.3009166666666666,16.304166666666667,18.89583333333333,62.25416666666666,2.045,1008.5416666666666,51.39166666666667,4948,51.39166666666667,11,6,491351,District_A,520000,150,8.0,Medium,2025-08-01,20.0612,25.5425,20.1079,29.9904,0.3009,6,0.0,0.0,0.0,0.0,0.0,0.0,0.0,0.0,0.0,0.0,0.0,0.0,0.0,0.0,0.0,0.0,0.0,0.0,0.0,0.0,0.0,0.0,0.0,0.0,0.0
CityA,2025-08-02,22.857916666666668,27.84583333333333,22.04625,31.797083333333333,0.3159583333333333,18.28333333333333,18.65458333333333,59.3625,2.14625,1008.45,51.91666666666666,5384,51.91666666666666,13,8,544451,District_A,520000,150,7.0,Medium,2025-08-02,22.8579,27.8458,22.0462,31.7971,0.316,8,20.0612,0.0,0.0,0.0,0.0,25.5425,0.0,0.0,0.0,0.0,20.1079,0.0,0.0,0.0,0.0,29.9904,0.0,0.0,0.0,0.0,0.3009,0.0,0.0,0.0,0.0
CityB,2025-08-03,27.93875,34.045833333333334,20.79458333333333,29.79583333333333,0.29725,21.72083333333333,24.14375,58.96666666666667,2.0954166666666665,1010.4208333333332,54.2,4914,54.2,7,4,503324,District_B,480000,140,4.0,Low,2025-08-03,27.9388,34.0458,20.7946,29.7958,0.2972,4,22.8579,0.0,0.0,23.6193,0.0,27.8458,0.0,0.0,29.1447,0.0,22.0462,0.0,0.0,20.9829,0.0,31.7971,0.0,0.0,30.52776666666667,0.0,0.316,0.0,0.0,0.3047,0.0
CityA,2025-08-04,22.117500000000003,25.47208333333333,22.25708333333333,30.97375,0.2878333333333333,17.533333333333335,19.084166666666665,61.53333333333333,1.8670833333333328,1010.0625,49.01666666666666,4978,49.01666666666666,10,5,500346,District_A,520000,150,8.0,Low,2025-08-04,22.1175,25.4721,22.2571,30.9738,0.2878,5,27.9388,20.0612,0.0,24.30473333333333,0.0,34.0458,25.5425,0.0,29.121233333333333,0.0,20.7946,20.1079,0.0,21.699299999999997,0.0,29.7958,29.9904,0.0,30.855566666666665,0.0,0.2972,0.3009,0.0,0.30033333333333334,0.0
CityC,2025-08-05,10.164166666666668,14.734166666666669,20.935416666666665,29.25,0.300625,9.608333333333333,25.47833333333333,60.99583333333334,1.892083333333333,1011.0,36.47916666666666,5347,36.47916666666666,14,7,518111,District_C,500000,130,7.0,Medium,2025-08-05,10.1642,14.7342,20.9354,29.25,0.3006,7,22.1175,22.8579,0.0,20.0735,0.0,25.4721,27.8458,0.0,24.7507,0.0,22.2571,22.0462,0.0,21.32903333333333,0.0,30.9738,31.7971,0.0,30.006533333333334,0.0,0.2878,0.316,0.0,0.29519999999999996,0.0
CityB,2025-08-06,29.105416666666667,34.26,23.20583333333333,29.817083333333333,0.281875,22.570833333333336,24.777083333333334,60.25416666666667,2.2045833333333333,1009.5,55.025,5693,55.025,10,5,496434,District_B,480000,140,5.0,Low,2025-08-06,29.1054,34.26,23.2058,29.8171,0.2819,5,10.1642,27.9388,0.0,20.462366666666664,0.0,14.7342,34.0458,0.0,24.822099999999995,0.0,20.9354,20.7946,0.0,22.13276666666667,0.0,29.25,29.7958,0.0,30.01363333333333,0.0,0.3006,0.2972,0.0,0.29009999999999997,0.0
CityC,2025-08-07,10.31,15.086666666666666,21.602500000000003,29.911666666666665,0.2895,9.829166666666667,25.425416666666667,60.94166666666666,1.9541666666666664,1010.5041666666666,36.829166666666666,5250,36.829166666666666,13,6,494774,District_C,500000,130,6.0,Medium,2025-08-07,10.31,15.0867,21.6025,29.9117,0.2895,6,29.1054,22.1175,0.0,16.526533333333333,20.365000000000002,34.26,25.4721,0.0,21.3603,25.283871428571427,23.2058,22.2571,0.0,21.91456666666667,21.564214285714286,29.8171,30.9738,0.0,29.6596,30.219414285714286,0.2819,0.2878,0.0,0.2906666666666667,0.2962714285714286
CityA,2025-08-08,20.74375,26.11458333333333,20.94083333333333,31.26083333333333,0.28375,16.816666666666666,18.519583333333333,60.97083333333333,1.91125,1010.6666666666666,50.96666666666667,5033,50.96666666666667,13,7,521397,District_A,520000,150,8.0,Medium,2025-08-08,20.7438,26.1146,20.9408,31.2608,0.2838,7,10.31,10.1642,20.0612,20.053066666666666,20.462514285714285,15.0867,14.7342,25.5425,25.153766666666666,25.3656,21.6025,20.9354,20.1079,21.916366666666665,21.6832,29.9117,29.25,29.9904,30.329866666666664,30.400900000000004,0.2895,0.3006,0.3009,0.28506666666666663,0.29382857142857144
CityC,2025-08-09,10.232916666666666,15.204583333333334,20.90458333333333,28.921666666666667,0.307875,9.6375,25.57583333333333,60.6875,2.052083333333333,1009.8458333333332,39.57083333333333,5176,39.57083333333333,12,8,469126,District_C,500000,130,6.0,Medium,2025-08-09,10.2329,15.2046,20.9046,28.9217,0.3079,8,20.7438,29.1054,22.8579,13.762233333333334,18.658942857142854,26.1146,34.26,27.8458,18.80196666666667,23.559714285714282,20.9408,23.2058,22.0462,21.1493,21.52011428571429,31.2608,29.8171,31.7971,30.0314,29.990128571428574,0.2838,0.2819,0.316,0.29373333333333335,0.2926714285714286
CityC,2025-08-10,12.085416666666667,17.275833333333335,21.2825,31.4975,0.3151666666666666,10.95,25.612916666666667,60.12916666666666,1.8283333333333327,1009.2,39.454166666666666,4952,39.454166666666666,12,6,481159,District_C,500000,130,11.0,Medium,2025-08-10,12.0854,17.2758,21.2825,31.4975,0.3152,6,10.2329,10.31,27.9388,14.354033333333334,16.39417142857143,15.2046,15.0867,34.0458,19.531666666666666,21.163999999999998,20.9046,21.6025,20.7946,21.04263333333333,21.589814285714283,28.9217,29.9117,29.7958,30.560000000000002,30.233228571428572,0.3079,0.2895,0.2972,0.3023,0.29524285714285714
CityB,2025-08-11,27.682916666666667,32.57875,22.36458333333333,30.11916666666667,0.3034166666666666,21.516666666666666,23.9625,61.68333333333334,2.07125,1010.25,54.25,5610,54.25,10,5,494093,District_B,480000,140,3.0,Low,2025-08-11,27.6829,32.5788,22.3646,30.1192,0.3034,5,12.0854,20.7438,22.1175,16.667066666666667,17.18922857142857,17.2758,26.1146,25.4721,21.686400000000003,22.17924285714286,21.2825,20.9408,22.2571,21.517233333333333,21.605171428571428,31.4975,31.2608,30.9738,30.179466666666666,30.11114285714286,0.3152,0.2838,0.2878,0.3088333333333333,0.29747142857142855
CityB,2025-08-12,28.64916666666667,33.24166666666667,21.94666666666667,30.359166666666667,0.3085833333333333,22.054166666666664,24.29875,59.36666666666667,2.0033333333333334,1010.4708333333332,56.01666666666666,5662,56.01666666666666,6,3,489040,District_B,480000,140,4.0,Low,2025-08-12,28.6492,33.2417,21.9467,30.3592,0.3086,3,27.6829,10.2329,10.1642,22.805833333333336,19.829942857142857,32.5788,15.2046,14.7342,27.69876666666667,24.823171428571424,22.3646,20.9046,20.9354,21.8646,21.749642857142856,30.1192,28.9217,29.25,30.65863333333333,30.2696,0.3034,0.3079,0.3006,0.30906666666666666,0.2986142857142857
CityB,2025-08-13,27.66625,32.11625,21.80541666666667,31.15625,0.2798333333333333,21.370833333333334,24.558333333333334,60.59583333333333,1.9216666666666664,1009.5291666666668,53.56666666666666,5304,53.56666666666666,8,4,516650,District_B,480000,140,3.0,Low,2025-08-13,27.6662,32.1162,21.8054,31.1562,0.2798,4,28.6492,12.0854,29.1054,27.999433333333332,19.624342857142857,33.2417,17.2758,34.26,32.64556666666667,24.516914285714286,21.9467,21.2825,23.2058,22.038899999999998,21.549585714285712,30.3592,31.4975,29.8171,30.544866666666664,30.460900000000002,0.3086,0.3152,0.2819,0.2972666666666667,0.2983142857142857
CityB,2025-08-14,27.24833333333333,31.49,21.55333333333333,30.355416666666667,0.2946666666666667,21.025,24.22833333333333,57.57083333333333,2.04875,1011.2916666666666,53.35,4922,53.35,7,3,489457,District_B,480000,140,4.0,Low,2025-08-14,27.2483,31.49,21.5533,30.3554,0.2947,3,27.6662,27.6829,10.31,27.854566666666667,22.044100000000004,32.1162,32.5788,15.0867,32.28263333333333,26.860242857142854,21.8054,22.3646,21.6025,21.76846666666667,21.54255714285714,31.1562,30.1192,29.9117,30.6236,30.524285714285718,0.2798,0.3034,0.2895,0.29436666666666667,0.29905714285714285
CityA,2025-08-15,21.56625,27.35291666666667,19.5475,31.042916666666667,0.2992083333333333,17.291666666666668,18.746666666666663,57.94583333333333,1.9554166666666664,1010.6833333333334,51.29166666666666,5112,51.29166666666666,12,6,522125,District_A,520000,150,8.0,Medium,2025-08-15,21.5662,27.3529,19.5475,31.0429,0.2992,6,27.2483,28.6492,20.7438,25.493566666666666,22.161585714285714,31.49,33.2417,26.1146,30.3197,27.037142857142857,21.5533,21.9467,20.9408,20.968733333333333,21.343514285714285,30.3554,30.3592,31.2608,30.8515,30.49315714285714,0.2947,0.3086,0.2838,0.2912333333333334,0.30125714285714283
CityA,2025-08-16,18.60291666666667,22.72625,22.031666666666663,29.898750000000003,0.309625,15.283333333333331,18.710416666666667,59.28333333333333,2.0591666666666666,1010.4166666666666,53.02916666666667,5431,53.02916666666667,13,8,490336,District_A,520000,150,9.0,Medium,2025-08-16,18.6029,22.7262,22.0317,29.8988,0.3096,8,21.5662,27.6662,10.2329,22.472466666666666,23.3573,27.3529,32.1162,15.2046,27.1897,28.111657142857144,19.5475,21.8054,20.9046,21.04416666666667,21.504528571428573,31.0429,31.1562,28.9217,30.432366666666667,30.63274285714286,0.2992,0.2798,0.3079,0.30116666666666664,0.3015
CityA,2025-08-17,20.479166666666668,26.379166666666663,20.375416666666663,31.66875,0.29925,16.679166666666667,18.46333333333333,59.3,2.138333333333333,1009.8708333333334,52.42083333333333,5299,52.42083333333333,15,9,514557,District_A,520000,150,6.0,Medium,2025-08-17,20.4792,26.3792,20.3754,31.6688,0.2992,9,18.6029,27.2483,12.0854,20.2161,24.556414285714286,22.7262,31.49,17.2758,25.486100000000004,29.41214285714286,22.0317,21.5533,21.2825,20.651533333333333,21.374942857142855,29.8988,30.3554,31.4975,30.870166666666666,30.657214285714286,0.3096,0.2947,0.3152,0.3026666666666667,0.2992142857142857
CityA,2025-08-18,20.954166666666666,25.243333333333336,21.04208333333333,28.875,0.3005833333333333,16.787499999999998,18.802916666666665,59.80833333333334,1.7816666666666665,1010.0916666666668,52.40416666666667,4672,52.40416666666667,11,6,513389,District_A,520000,150,6.0,Medium,2025-08-18,20.9542,25.2433,21.0421,28.875,0.3006,6,20.4792,21.5662,27.6829,20.0121,23.59517142857143,26.3792,27.3529,32.5788,24.7829,28.364214285714286,20.3754,19.5475,22.3646,21.149733333333334,21.186014285714286,31.6688,31.0429,30.1192,30.14753333333333,30.479471428571426,0.2992,0.2992,0.3034,0.3031333333333333,0.2988142857142857
CityC,2025-08-19,12.652916666666668,17.347083333333334,20.41541666666667,30.597916666666663,0.31,11.225,25.41416666666667,63.725,2.0125,1010.4541666666668,39.04583333333333,5118,39.04583333333333,12,7,513217,District_C,500000,130,7.0,Medium,2025-08-19,12.6529,17.3471,20.4154,30.5979,0.31,7,20.9542,18.6029,28.6492,18.028766666666666,21.309985714285713,25.2433,22.7262,33.2417,22.989866666666668,26.093557142857144,21.0421,22.0317,21.9467,20.61096666666667,20.967257142857143,28.875,29.8988,30.3592,30.380566666666667,30.513571428571428,0.3006,0.3096,0.3086,0.3032666666666667,0.2990142857142857
CityA,2025-08-20,20.7375,25.816666666666663,20.485,30.84166666666667,0.3155,16.720833333333335,18.40458333333333,62.17916666666667,1.95,1009.25,53.26666666666667,5443,53.26666666666667,15,8,501644,District_A,520000,150,7.0,Medium,2025-08-20,20.7375,25.8167,20.485,30.8417,0.3155,8,12.6529,20.4792,27.6662,18.114866666666668,20.320171428571427,17.3471,26.3792,32.1162,22.80236666666667,25.193628571428576,20.4154,20.3754,21.8054,20.647500000000004,20.778628571428573,30.5979,31.6688,31.1562,30.104866666666666,30.468642857142857,0.31,0.2992,0.2798,0.30870000000000003,0.3041142857142857
CityB,2025-08-21,27.45208333333333,32.250416666666666,21.31,29.696250000000003,0.3049166666666666,21.23333333333333,24.496666666666663,61.49583333333334,1.995833333333333,1009.6291666666666,52.06666666666666,4769,52.06666666666666,11,5,486392,District_B,480000,140,4.0,Low,2025-08-21,27.4521,32.2504,21.31,29.6962,0.3049,5,20.7375,20.9542,27.2483,20.280833333333334,20.349285714285713,25.8167,25.2433,31.49,25.138066666666663,25.302257142857144,20.485,21.0421,21.5533,20.7368,20.743871428571428,30.8417,28.875,30.3554,30.378600000000002,30.37447142857143,0.3155,0.3006,0.2947,0.3101333333333333,0.30557142857142855
CityB,2025-08-22,28.985,34.03333333333333,22.87291666666667,28.446250000000003,0.293875,22.45,24.460833333333337,60.825,1.9679166666666668,1009.1666666666666,55.2125,5100,55.2125,8,4,520892,District_B,480000,140,5.0,Low,2025-08-22,28.985,34.0333,22.8729,28.4462,0.2939,4,27.4521,12.6529,21.5662,25.724866666666667,21.409114285714285,32.2504,17.3471,27.3529,30.700133333333337,26.2566,21.31,20.4154,19.5475,21.555966666666666,21.21892857142857,29.6962,30.5979,31.0429,29.66136666666667,30.00351428571429,0.3049,0.31,0.2992,0.3047666666666667,0.30481428571428576
CityB,2025-08-23,29.165000000000003,34.0775,21.17125,29.360416666666666,0.2968333333333333,22.379166666666663,23.81375,62.833333333333336,1.8745833333333333,1009.6791666666668,54.5375,5629,54.5375,9,5,501788,District_B,480000,140,9.0,Low,2025-08-23,29.165,34.0775,21.1712,29.3604,0.2968,5,28.985,20.7375,18.6029,28.534033333333337,22.917985714285713,34.0333,25.8167,22.7262,33.45373333333333,27.878214285714282,22.8729,20.485,22.0317,21.7847,21.096,28.4462,30.8417,29.8988,29.167600000000004,29.9266,0.2939,0.3155,0.3096,0.2985333333333333,0.30298571428571425
CityB,2025-08-24,26.67833333333333,31.58,22.006666666666664,29.704166666666666,0.3228749999999999,20.79583333333333,24.131666666666664,61.32083333333333,1.903333333333333,1009.1291666666666,55.7625,4944,55.7625,14,9,499648,District_B,480000,140,5.0,Medium,2025-08-24,26.6783,31.58,22.0067,29.7042,0.3229,9,29.165,27.4521,20.4792,28.2761,23.803571428571427,34.0775,32.2504,26.3792,33.230266666666665,28.621185714285712,21.1712,21.31,20.3754,22.01693333333333,21.32904285714286,29.3604,29.6962,31.6688,29.170266666666663,29.64594285714286,0.2968,0.3049,0.2992,0.3045333333333334,0.3063714285714286
CityA,2025-08-25,19.432916666666667,23.861666666666668,21.022916666666667,29.383333333333336,0.2995416666666666,15.795833333333334,18.73541666666667,57.09166666666667,1.9920833333333328,1010.4541666666668,53.37916666666666,5342,53.37916666666666,12,7,512855,District_A,520000,150,7.0,Medium,2025-08-25,19.4329,23.8617,21.0229,29.3833,0.2995,7,26.6783,28.985,20.9542,25.092066666666668,23.586242857142853,31.58,34.0333,25.2433,29.839733333333328,28.423814285714286,22.0067,22.8729,21.0421,21.400266666666667,21.3263,29.7042,28.4462,28.875,29.482633333333336,29.718557142857144,0.3229,0.2939,0.3006,0.3064,0.3062142857142857
CityA,2025-08-26,20.825,25.508333333333336,21.40625,30.595416666666665,0.2955,16.783333333333335,18.35333333333333,59.82083333333333,1.87375,1010.0,53.0625,4855,53.0625,11,7,499191,District_A,520000,150,7.0,Medium,2025-08-26,20.825,25.5083,21.4062,30.5954,0.2955,7,19.4329,29.165,12.6529,22.312066666666666,24.753685714285716,23.8617,34.0775,17.3471,26.98333333333333,29.5897,21.0229,21.1712,20.4154,21.4786,21.467842857142852,29.3833,29.3604,30.5979,29.8943,29.7182,0.2995,0.2968,0.31,0.30596666666666666,0.30414285714285716
CityB,2025-08-27,26.255,31.299166666666665,20.9825,31.32208333333333,0.2934166666666666,20.45,24.33875,60.7875,2.0079166666666666,1009.8083333333334,55.74583333333334,5077,55.74583333333334,11,6,484978,District_B,480000,140,6.0,Medium,2025-08-27,26.255,31.2992,20.9825,31.3221,0.2934,6,20.825,26.6783,20.7375,22.17096666666667,25.5419,25.5083,31.58,25.8167,26.88973333333333,30.37291428571428,21.4062,22.0067,20.485,21.137200000000004,21.538914285714288,30.5954,29.7042,30.8417,30.4336,29.786828571428572,0.2955,0.3229,0.3155,0.2961333333333333,0.3009857142857143
CityB,2025-08-28,27.39625,31.633750000000003,20.672083333333333,32.084583333333335,0.3111666666666666,21.04583333333333,23.93958333333333,59.54583333333333,2.0345833333333334,1010.7541666666666,54.50833333333333,5108,54.50833333333333,9,6,560753,District_B,480000,140,5.0,Medium,2025-08-28,27.3962,31.6338,20.6721,32.0846,0.3112,6,26.255,19.4329,27.4521,24.8254,25.533914285714285,31.2992,23.8617,32.2504,29.480433333333334,30.28482857142857,20.9825,21.0229,21.31,21.020266666666668,21.447785714285715,31.3221,29.3833,29.6962,31.334033333333338,30.12802857142857,0.2934,0.2995,0.3049,0.3000333333333333,0.30188571428571426
CityA,2025-08-29,21.89708333333333,26.749583333333334,21.000833333333333,30.57333333333333,0.2931666666666666,17.5125,18.512916666666666,57.395833333333336,1.7558333333333334,1010.9958333333334,55.11666666666667,5183,55.11666666666667,13,7,481746,District_A,520000,150,6.0,Medium,2025-08-29,21.8971,26.7496,21.0008,30.5733,0.2932,7,27.3962,20.825,28.985,25.182766666666666,24.52135714285714,31.6338,25.5083,34.0333,29.8942,29.244300000000003,20.6721,21.4062,22.8729,20.885133333333332,21.180342857142858,32.0846,30.5954,28.4462,31.326666666666668,30.431899999999995,0.3112,0.2955,0.2939,0.2992666666666666,0.3017857142857143
CityB,2025-08-30,29.03125,33.78,21.555833333333336,29.800833333333333,0.3074583333333333,22.304166666666664,24.37333333333333,59.63333333333333,1.9425,1009.1375,54.35416666666666,5544,54.35416666666666,10,5,509815,District_B,480000,140,6.0,Low,2025-08-30,29.0312,33.78,21.5558,29.8008,0.3075,5,21.8971,26.255,29.165,26.108166666666666,24.502242857142857,26.7496,31.2992,34.0775,30.72113333333333,29.2018,21.0008,20.9825,21.1712,21.076233333333334,21.235285714285713,30.5733,31.3221,29.3604,30.819566666666663,30.494814285714284,0.2932,0.2934,0.2968,0.30396666666666666,0.3033142857142857
CityA,2025-08-31,20.110833333333336,25.515416666666667,22.42,30.249166666666667,0.2917083333333333,16.545833333333334,18.52,58.49166666666667,2.0704166666666666,1008.5375,50.4625,5255,50.4625,14,7,522068,District_A,520000,150,7.0,Medium,2025-08-31,20.1108,25.5154,22.42,30.2492,0.2917,7,29.0312,27.3962,26.6783,23.679699999999997,23.56402857142857,33.78,31.6338,31.58,28.68166666666667,28.335428571428572,21.5558,20.6721,22.0067,21.65886666666667,21.294328571428572,29.8008,32.0846,29.7042,30.207766666666668,30.57267142857143,0.3075,0.3112,0.3229,0.2974666666666667,0.2988571428571429
CityA,2025-09-01,19.602916666666665,23.34583333333333,22.011666666666667,30.052916666666665,0.3064583333333333,15.895833333333334,18.74,60.02916666666667,2.0416666666666665,1010.2458333333334,52.14166666666667,5328,52.14166666666667,13,7,490656,District_A,520000,150,8.0,Medium,2025-09-01,19.6029,23.3458,22.0117,30.0529,0.3065,7,20.1108,21.8971,19.4329,22.91496666666667,23.588314285714286,25.5154,26.7496,23.8617,27.547066666666666,28.261728571428574,22.42,21.0008,21.0229,21.995833333333337,21.435585714285715,30.2492,30.5733,29.3833,30.0343,30.66832857142857,0.2917,0.2932,0.2995,0.3019,0.2998571428571428
CityA,2025-09-02,23.235416666666666,27.785416666666663,20.891666666666666,31.00625,0.302375,18.341666666666665,18.41375,62.025,2.0370833333333334,1009.5291666666668,54.44583333333333,5853,54.44583333333333,13,8,532737,District_A,520000,150,8.0,Medium,2025-09-02,23.2354,27.7854,20.8917,31.0062,0.3024,8,19.6029,29.0312,20.825,20.983033333333335,23.932657142857142,23.3458,33.78,25.5083,25.54886666666667,28.58702857142857,22.0117,21.5558,21.4062,21.774466666666665,21.362085714285715,30.0529,29.8008,30.5954,30.4361,30.727014285714287,0.3065,0.3075,0.2955,0.3002,0.30084285714285713
CityB,2025-09-03,28.50958333333333,33.26708333333333,21.305,29.595416666666665,0.3170833333333333,21.933333333333334,24.30541666666667,58.3,2.15375,1009.1666666666666,57.02916666666667,5307,57.02916666666667,11,6,536269,District_B,480000,140,4.0,Medium,2025-09-03,28.5096,33.2671,21.305,29.5954,0.3171,6,23.2354,20.1108,26.255,23.782633333333337,24.254742857142855,27.7854,25.5154,31.2992,28.13276666666667,28.868157142857143,20.8917,22.42,20.9825,21.4028,21.408157142857142,31.0062,30.2492,31.3221,30.218166666666672,30.480342857142855,0.3024,0.2917,0.2934,0.30866666666666664,0.3042285714285714
CityB,2025-09-04,28.139166666666668,33.09458333333333,21.53625,30.344583333333333,0.309125,21.741666666666664,24.35083333333333,60.75,2.0329166666666665,1010.0666666666666,54.66666666666666,5457,54.66666666666666,10,4,532229,District_B,480000,140,4.0,Low,2025-09-04,28.1392,33.0946,21.5362,30.3446,0.3091,4,28.5096,19.6029,27.3962,26.628066666666665,24.36088571428571,33.2671,23.3458,31.6338,31.382366666666666,29.076842857142857,21.305,22.0117,20.6721,21.2443,21.5316,29.5954,30.0529,32.0846,30.3154,30.231771428571427,0.3171,0.3065,0.3112,0.3095333333333333,0.30392857142857144
CityA,2025-09-05,18.880416666666665,24.247083333333336,22.027083333333334,26.957916666666662,0.3002083333333333,15.6875,18.70625,60.7625,1.9833333333333327,1009.8583333333332,52.1875,5273,52.1875,14,8,534373,District_A,520000,150,7.0,Medium,2025-09-05,18.8804,24.2471,22.0271,26.9579,0.3002,8,28.1392,23.2354,21.8971,25.1764,23.929928571428572,33.0946,27.7854,26.7496,30.20293333333333,28.719342857142856,21.5362,20.8917,21.0008,21.622766666666667,21.678214285714287,30.3446,31.0062,30.5733,28.96596666666667,29.715285714285717,0.3091,0.3024,0.2932,0.3088,0.30492857142857144
CityB,2025-09-06,28.7425,33.997499999999995,20.43,31.085833333333337,0.3075416666666666,22.070833333333336,24.106666666666666,60.55833333333334,2.209583333333333,1010.9625,58.5875,5173,58.5875,10,5,469372,District_B,480000,140,5.0,Low,2025-09-06,28.7425,33.9975,20.43,31.0858,0.3075,5,18.8804,28.5096,29.0312,25.254033333333336,23.888685714285714,24.2471,33.2671,33.78,30.4464,28.75041428571429,22.0271,21.305,21.5558,21.331100000000003,21.517385714285716,26.9579,29.5954,29.8008,29.462766666666667,29.898857142857143,0.3002,0.3171,0.3075,0.3056,0.30492857142857144
CityA,2025-09-07,21.12625,25.855416666666667,21.84875,30.06833333333333,0.2953333333333333,17.058333333333334,18.575416666666666,61.09583333333333,2.0708333333333333,1010.25,51.395833333333336,5314,51.395833333333336,14,9,529314,District_A,520000,150,7.0,Medium,2025-09-07,21.1262,25.8554,21.8488,30.0683,0.2953,9,28.7425,28.1392,20.1108,22.916366666666665,24.033742857142858,33.9975,33.0946,25.5154,28.03333333333333,28.798985714285717,20.43,21.5362,22.42,21.4353,21.435785714285714,31.0858,30.3446,30.2492,29.37066666666667,29.873014285714284,0.3075,0.3091,0.2917,0.301,0.30544285714285707
CityA,2025-09-08,21.105,27.4675,21.054166666666667,29.261666666666667,0.306125,17.229166666666668,18.64708333333333,61.18333333333334,1.9916666666666665,1010.4,51.37916666666666,5503,51.37916666666666,13,7,505951,District_A,520000,150,8.0,Medium,2025-09-08,21.105,27.4675,21.0542,29.2617,0.3061,7,21.1262,18.8804,19.6029,23.6579,24.248328571428573,25.8554,24.2471,23.3458,29.106799999999996,29.3878,21.8488,22.0271,22.0117,21.111,21.299000000000003,30.0683,26.9579,30.0529,30.138600000000007,29.759985714285715,0.2953,0.3002,0.3065,0.30296666666666666,0.3053857142857143
CityA,2025-09-09,22.21375,26.718333333333334,21.00958333333333,30.031666666666663,0.2954166666666666,17.650000000000002,18.742916666666662,60.2375,1.88375,1009.4291666666668,50.54583333333333,5112,50.54583333333333,15,8,516411,District_A,520000,150,10.0,Medium,2025-09-09,22.2138,26.7183,21.0096,30.0317,0.2954,8,21.105,28.7425,23.2354,21.481666666666666,24.102385714285713,27.4675,33.9975,27.7854,26.680399999999995,29.235357142857143,21.0542,20.43,20.8917,21.3042,21.315842857142854,29.2617,31.0858,31.0062,29.787233333333337,29.620771428571427,0.3061,0.3075,0.3024,0.29893333333333333,0.3043857142857143
CityA,2025-09-10,21.55875,26.789583333333336,20.715416666666663,28.54208333333333,0.3051666666666666,17.3125,18.927916666666665,59.65416666666667,1.98875,1008.7333333333332,53.75,5349,53.75,16,10,493257,District_A,520000,150,8.0,Medium,2025-09-10,21.5588,26.7896,20.7154,28.5421,0.3052,10,22.2138,21.1262,28.5096,21.625866666666667,23.109414285714283,26.7183,25.8554,33.2671,26.991799999999998,28.310000000000002,21.0096,21.8488,21.305,20.9264,21.231614285714283,30.0317,30.0683,29.5954,29.278500000000005,29.4703,0.2954,0.2953,0.3171,0.30223333333333335,0.3026857142857143
CityB,2025-09-11,28.668333333333333,33.98125,21.38958333333333,31.304166666666664,0.2977916666666667,22.1375,24.39375,61.02916666666667,1.981666666666667,1010.4125,55.8875,5078,55.8875,11,6,477643,District_B,480000,140,7.0,Medium,2025-09-11,28.6683,33.9812,21.3896,31.3042,0.2978,6,21.5588,21.105,28.1392,24.146966666666668,23.185000000000002,26.7896,27.4675,33.0946,29.16303333333333,28.436657142857143,20.7154,21.0542,21.5362,21.0382,21.210671428571427,28.5421,29.2617,30.3446,29.959333333333337,29.607385714285716,0.3052,0.3061,0.3091,0.29946666666666666,0.30107142857142855
CityB,2025-09-12,28.554166666666664,34.1425,21.683333333333334,29.8925,0.2972916666666667,22.141666666666666,24.578333333333333,58.7625,2.125,1009.15,52.708333333333336,5247,52.708333333333336,12,7,494371,District_B,480000,140,5.0,Medium,2025-09-12,28.5542,34.1425,21.6833,29.8925,0.2973,7,28.6683,22.2138,18.8804,26.260433333333335,24.56697142857143,33.9812,26.7183,24.2471,31.637766666666664,29.850285714285715,21.3896,21.0096,22.0271,21.262766666666668,21.16155714285714,31.3042,30.0317,26.9579,29.91293333333334,30.026614285714288,0.2978,0.2954,0.3002,0.3001,0.30065714285714285
CityB,2025-09-13,26.79208333333333,32.145,22.33333333333333,30.709166666666665,0.30425,20.975,24.187083333333334,60.875,2.0316666666666667,1009.4625,52.9875,5307,52.9875,8,5,481910,District_B,480000,140,5.0,Low,2025-09-13,26.7921,32.145,22.3333,30.7092,0.3042,5,28.5542,21.5588,28.7425,28.00486666666667,24.288342857142855,34.1425,26.7896,33.9975,33.4229,29.585642857142858,21.6833,20.7154,20.43,21.802066666666672,21.433457142857144,29.8925,28.5421,31.0858,30.6353,29.972814285714286,0.2973,0.3052,0.3075,0.2997666666666667,0.30018571428571433
CityA,2025-09-14,18.60333333333333,22.885,21.06583333333333,28.0675,0.3070833333333333,15.225,18.839583333333334,59.19166666666666,1.9904166666666667,1009.9583333333334,49.69583333333333,4934,49.69583333333333,10,5,480520,District_A,520000,150,7.0,Low,2025-09-14,18.6033,22.885,21.0658,28.0675,0.3071,5,26.7921,28.6683,21.1262,24.649866666666668,23.927928571428573,32.145,33.9812,25.8554,29.724166666666665,29.1613,22.3333,21.3896,21.8488,21.694133333333337,21.3216,30.7092,31.3042,30.0683,29.5564,29.686985714285715,0.3042,0.2978,0.2953,0.3028666666666667,0.3018714285714286
CityB,2025-09-15,27.23583333333333,32.32666666666667,20.331666666666667,29.52208333333333,0.2760416666666667,21.02083333333333,24.357916666666668,57.55416666666667,1.9183333333333328,1010.5166666666668,53.208333333333336,5875,53.208333333333336,8,3,507803,District_B,480000,140,6.0,Low,2025-09-15,27.2358,32.3267,20.3317,29.5221,0.276,3,18.6033,28.5542,21.105,24.210400000000003,24.803757142857144,22.885,34.1425,27.4675,29.1189,29.855471428571427,21.0658,21.6833,21.0542,21.2436,21.218385714285716,28.0675,29.8925,29.2617,29.432933333333335,29.724185714285714,0.3071,0.2973,0.3061,0.2957666666666667,0.2975714285714286
CityB,2025-09-16,28.59583333333333,34.193333333333335,20.68916666666667,32.13666666666666,0.2961666666666666,22.066666666666663,24.010416666666668,62.11666666666667,2.067916666666666,1009.8041666666668,54.925,5035,54.925,11,6,552125,District_B,480000,140,6.0,Medium,2025-09-16,28.5958,34.1933,20.6892,32.1367,0.2962,6,27.2358,26.7921,22.2138,24.811633333333333,25.71547142857143,32.3267,32.145,26.7183,29.801666666666666,30.923328571428573,20.3317,22.3333,21.0096,20.695566666666668,21.172614285714285,29.5221,30.7092,30.0317,29.90876666666667,30.0249,0.276,0.3042,0.2954,0.29309999999999997,0.2976857142857143
CityB,2025-09-17,28.29958333333333,33.22,20.7475,29.8275,0.30225,21.77083333333333,24.04041666666667,61.9125,1.9054166666666663,1010.3041666666668,53.1625,5362,53.1625,10,6,507739,District_B,480000,140,4.0,Medium,2025-09-17,28.2996,33.22,20.7475,29.8275,0.3022,6,28.5958,18.6033,21.5588,28.043733333333336,26.67844285714286,34.1933,22.885,26.7896,33.24666666666666,31.841957142857144,20.6892,21.0658,20.7154,20.589466666666667,21.1772,32.1367,28.0675,28.5421,30.495433333333335,30.20852857142857,0.2962,0.3071,0.3052,0.2914666666666667,0.29725714285714283
CityA,2025-09-18,20.305416666666662,25.26833333333333,20.13375,29.770416666666662,0.2878333333333333,16.3875,18.76458333333333,60.41666666666666,1.9866666666666664,1009.175,52.42083333333333,5126,52.42083333333333,10,6,469466,District_A,520000,150,8.0,Medium,2025-09-18,20.3054,25.2683,20.1338,29.7704,0.2878,6,28.2996,27.2358,28.6683,25.7336,25.483742857142857,33.22,32.3267,33.9812,30.893866666666664,30.597257142857142,20.7475,20.3317,21.3896,20.5235,20.9978,29.8275,29.5221,31.3042,30.5782,29.989414285714282,0.3022,0.276,0.2978,0.29540000000000005,0.29582857142857144
CityA,2025-09-19,19.905,24.717916666666667,22.057916666666667,30.65125,0.3205416666666666,16.2625,18.82875,58.57083333333333,2.029583333333333,1010.1416666666668,53.225,5179,53.225,13,8,475793,District_A,520000,150,7.0,Medium,2025-09-19,19.905,24.7179,22.0579,30.6512,0.3205,8,20.3054,28.5958,28.5542,22.83666666666667,24.248142857142856,25.2683,34.1933,34.1425,27.7354,29.250885714285715,20.1338,20.6892,21.6833,20.979733333333332,21.051314285714284,29.7704,32.1367,29.8925,30.083033333333333,30.0978,0.2878,0.2962,0.2973,0.30350000000000005,0.2991428571428572
CityA,2025-09-20,21.1675,26.55333333333333,22.13875,30.38416666666667,0.2984583333333333,17.224999999999998,18.57583333333333,59.85833333333333,1.9383333333333328,1010.0833333333334,53.5125,4984,53.5125,13,7,479312,District_A,520000,150,5.0,Medium,2025-09-20,21.1675,26.5533,22.1388,30.3842,0.2985,7,19.905,28.2996,26.7921,20.4593,23.444628571428574,24.7179,33.22,32.145,25.513166666666663,28.45207142857143,22.0579,20.7475,22.3333,21.4435,21.023528571428574,30.6512,29.8275,30.7092,30.268600000000003,30.05137142857143,0.3205,0.3022,0.3042,0.3022666666666667,0.29832857142857144
CityA,2025-09-21,19.332083333333333,24.160833333333333,21.82875,28.831666666666667,0.2824583333333333,15.875,18.51125,61.45,1.90125,1010.45,50.02916666666667,4957,50.02916666666667,10,5,514379,District_A,520000,150,6.0,Low,2025-09-21,19.3321,24.1608,21.8288,28.8317,0.2825,5,21.1675,20.3054,18.6033,20.134866666666667,23.54874285714286,26.5533,25.2683,22.885,25.143999999999995,28.634328571428572,22.1388,20.1338,21.0658,22.0085,21.132528571428573,30.3842,29.7704,28.0675,29.955700000000004,30.16054285714286,0.2985,0.2878,0.3071,0.3005,0.2948142857142857
CityB,2025-09-22,28.86958333333333,33.62416666666667,21.5725,31.672083333333333,0.2912083333333333,22.191666666666663,24.02583333333333,60.7125,1.9575,1010.6291666666666,54.40416666666667,5215,54.40416666666667,7,4,514652,District_B,480000,140,4.0,Low,2025-09-22,28.8696,33.6242,21.5725,31.6721,0.2912,4,19.3321,19.905,27.2358,23.12306666666667,23.782142857142862,24.1608,24.7179,32.3267,28.11276666666667,28.81968571428572,21.8288,22.0579,20.3317,21.8467,21.309785714285713,28.8317,30.6512,29.5221,30.296000000000003,30.467685714285714,0.2825,0.3205,0.276,0.29073333333333334,0.2969857142857143
CityB,2025-09-23,29.33875,35.69916666666666,21.01375,31.532916666666665,0.2956249999999999,22.725,24.508750000000003,62.31666666666666,2.09375,1009.1166666666668,56.01666666666667,5482,56.01666666666667,7,4,474405,District_B,480000,140,5.0,Low,2025-09-23,29.3388,35.6992,21.0138,31.5329,0.2956,4,28.8696,21.1675,28.5958,25.846833333333333,23.88828571428571,33.6242,26.5533,34.1933,31.161399999999997,29.034814285714283,21.5725,22.1388,20.6892,21.4717,21.356157142857143,31.6721,30.3842,32.1367,30.678900000000002,30.381428571428568,0.2912,0.2985,0.2962,0.2897666666666667,0.2969
CityB,2025-09-24,26.40958333333333,31.09625,20.36916666666667,29.96375,0.3029166666666666,20.42083333333333,24.324166666666667,59.22916666666666,2.0591666666666666,1009.1333333333332,51.47916666666666,5357,51.47916666666666,10,5,489319,District_B,480000,140,5.0,Low,2025-09-24,26.4096,31.0962,20.3692,29.9638,0.3029,5,29.3388,19.3321,28.2996,28.206,23.618285714285715,35.6992,24.1608,33.22,33.4732,28.731414285714287,21.0138,21.8288,20.7475,20.985166666666668,21.302114285714286,31.5329,28.8317,29.8275,31.05626666666667,30.400900000000004,0.2956,0.2825,0.3022,0.29656666666666665,0.29700000000000004
CityB,2025-09-25,28.80666666666667,32.83833333333333,23.40083333333333,30.16375,0.3120416666666666,22.22083333333333,24.11791666666667,59.04583333333333,2.0641666666666665,1009.3458333333332,54.44583333333333,5083,54.44583333333333,9,5,501102,District_B,480000,140,6.0,Low,2025-09-25,28.8067,32.8383,23.4008,30.1638,0.312,5,26.4096,28.8696,20.3054,28.185033333333333,24.83275714285714,31.0962,33.6242,25.2683,33.21123333333333,29.81284285714286,20.3692,21.5725,20.1338,21.5946,21.76882857142857,29.9638,31.6721,29.7704,30.553500000000003,30.4571,0.3029,0.2912,0.2878,0.3035,0.30045714285714287
CityB,2025-09-26,27.387083333333333,32.41875,20.96291666666667,30.704166666666666,0.3206666666666666,21.183333333333334,24.02583333333333,62.30416666666667,2.2070833333333333,1010.5666666666666,57.7875,5015,57.7875,10,6,497337,District_B,480000,140,3.0,Medium,2025-09-26,27.3871,32.4188,20.9629,30.7042,0.3207,6,28.8067,29.3388,19.905,27.534466666666663,25.90162857142857,32.8383,35.6992,24.7179,32.11776666666666,30.912971428571428,23.4008,21.0138,22.0579,21.577633333333335,21.6124,30.1638,31.5329,30.6512,30.277266666666666,30.464671428571428,0.312,0.2956,0.3205,0.3118666666666667,0.30048571428571424
CityB,2025-09-27,27.260416666666668,32.25333333333334,21.55625,30.692083333333333,0.2904583333333333,21.17083333333333,24.127916666666668,60.24166666666667,2.1641666666666666,1010.4625,55.62916666666666,4779,55.62916666666666,7,3,484743,District_B,480000,140,5.0,Low,2025-09-27,27.2604,32.2533,21.5562,30.6921,0.2905,3,27.3871,26.4096,21.1675,27.818066666666667,26.772042857142857,32.4188,31.0962,26.5533,32.50346666666667,31.727257142857145,20.9629,20.3692,22.1388,21.973300000000005,21.529171428571427,30.7042,29.9638,30.3842,30.520033333333334,30.508657142857142,0.3207,0.3029,0.2985,0.30773333333333336,0.2993428571428571
CityB,2025-09-28,28.237916666666667,32.60166666666667,19.758333333333333,29.25,0.3027083333333333,21.52916666666667,24.089583333333334,61.40416666666667,1.8558333333333328,1010.3833333333332,54.44583333333333,5059,54.44583333333333,10,5,521475,District_B,480000,140,4.0,Low,2025-09-28,28.2379,32.6017,19.7583,29.25,0.3027,5,27.2604,28.8067,19.3321,27.628466666666668,28.0443,32.2533,32.8383,24.1608,32.4246,32.9331,21.5562,23.4008,21.8288,20.759133333333335,21.23338571428571,30.6921,30.1638,28.8317,30.215433333333337,30.568414285714283,0.2905,0.312,0.2825,0.3046333333333333,0.30222857142857146
CityA,2025-09-29,22.1125,27.335,21.045416666666664,28.3875,0.2995833333333333,17.729166666666668,18.630416666666665,61.01666666666667,2.0329166666666665,1010.1625,49.47916666666666,5303,49.47916666666666,11,6,496414,District_A,520000,150,9.0,Medium,2025-09-29,22.1125,27.335,21.0454,28.3875,0.2996,6,28.2379,27.3871,28.8696,25.870266666666666,27.079,32.6017,32.4188,33.6242,30.73,32.034642857142856,19.7583,20.9629,21.5725,20.78663333333333,21.158085714285715,29.25,30.7042,31.6721,29.443200000000004,30.099185714285714,0.3027,0.3207,0.2912,0.29760000000000003,0.30342857142857144
CityA,2025-09-30,22.32625,27.114166666666662,21.23708333333333,30.94666666666667,0.316125,17.804166666666667,18.657083333333333,60.45,2.044166666666667,1010.5291666666668,51.22083333333333,5324,51.22083333333333,15,9,497867,District_A,520000,150,5.0,Medium,2025-09-30,22.3263,27.1142,21.2371,30.9467,0.3161,9,22.1125,27.2604,29.3388,24.225566666666666,26.077214285714287,27.335,32.2533,35.6992,29.016966666666665,30.808214285714286,21.0454,21.5562,21.0138,20.680266666666668,21.189985714285715,28.3875,30.6921,31.5329,29.52806666666667,30.015442857142858,0.2996,0.2905,0.2956,0.3061333333333333,0.30635714285714283
CityB,2025-10-01,27.0775,32.214166666666664,21.109583333333333,29.35875,0.30225,21.016666666666666,24.167916666666667,60.458333333333336,2.120833333333333,1009.9208333333332,54.90416666666667,5105,54.90416666666667,10,6,511521,District_B,480000,140,5.0,Medium,2025-10-01,27.0775,32.2142,21.1096,29.3588,0.3022,6,22.3263,28.2379,26.4096,23.838766666666668,26.172628571428568,27.1142,32.6017,31.0962,28.8878,30.96792857142857,21.2371,19.7583,20.3692,21.1307,21.295757142857145,30.9467,29.25,29.9638,29.564333333333337,29.929014285714285,0.3161,0.3027,0.3029,0.30596666666666666,0.3062571428571429
CityB,2025-10-02,28.357916666666668,33.39,20.11916666666667,30.49291666666667,0.3201666666666666,21.758333333333336,24.10375,59.21666666666667,1.985,1010.5541666666668,51.325,5072,51.325,10,5,484272,District_B,480000,140,6.0,Low,2025-10-02,28.3579,33.39,20.1192,30.4929,0.3202,5,27.0775,22.1125,28.8067,25.92056666666667,26.108514285714286,32.2142,27.335,32.8383,30.90613333333333,31.046742857142856,21.1096,21.0454,23.4008,20.82196666666667,20.826957142857143,29.3588,28.3875,30.1638,30.266133333333332,29.97602857142857,0.3022,0.2996,0.312,0.31283333333333335,0.30742857142857144
CityB,2025-10-03,27.72125,32.77875,21.307916666666667,30.812916666666663,0.2992083333333333,21.46666666666667,23.652916666666663,59.15416666666667,1.93875,1008.7541666666666,56.17083333333333,5310,56.17083333333333,10,6,440811,District_B,480000,140,6.0,Medium,2025-10-03,27.7212,32.7788,21.3079,30.8129,0.2992,6,28.3579,22.3263,27.3871,27.718866666666667,26.15624285714286,33.39,27.1142,32.4188,32.79433333333333,31.09817142857143,20.1192,21.2371,20.9629,20.845566666666667,20.87624285714286,30.4929,30.9467,30.7042,30.221533333333337,29.991557142857143,0.3202,0.3161,0.3207,0.3072,0.3043571428571429
CityB,2025-10-04,28.992083333333337,33.92541666666667,21.71291666666667,29.27416666666667,0.2777916666666666,22.325,24.15041666666667,57.7625,1.935,1009.6291666666666,55.825,5220,55.825,11,6,496654,District_B,480000,140,6.0,Medium,2025-10-04,28.9921,33.9254,21.7129,29.2742,0.2778,6,27.7212,27.0775,27.2604,28.357066666666668,26.403628571428573,32.7788,32.2142,32.2533,33.36473333333333,31.337042857142855,21.3079,21.1096,21.5562,21.046666666666667,20.89862857142857,30.8129,29.3588,30.6921,30.19333333333334,29.788999999999998,0.2992,0.3022,0.2905,0.29906666666666665,0.3025428571428571
CityB,2025-10-05,27.91375,32.443333333333335,21.3375,30.115416666666665,0.2873333333333333,21.495833333333334,23.972916666666663,59.7375,1.85375,1010.0333333333332,54.2625,5475,54.2625,11,6,504515,District_B,480000,140,3.0,Medium,2025-10-05,27.9138,32.4433,21.3375,30.1154,0.2873,6,28.9921,28.3579,28.2379,28.209033333333334,26.357328571428575,33.9254,33.39,32.6017,33.04916666666666,31.314414285714285,21.7129,20.1192,19.7583,21.452766666666665,21.12422857142857,29.2742,30.4929,29.25,30.067500000000006,29.91262857142857,0.2778,0.3202,0.3027,0.28809999999999997,0.3003428571428572
CityA,2025-10-06,21.86458333333333,26.281666666666663,21.4825,29.49416666666667,0.298375,17.458333333333332,18.695,61.86666666666667,2.0829166666666667,1010.0916666666668,51.375,5320,51.375,13,6,516651,District_A,520000,150,4.0,Medium,2025-10-06,21.8646,26.2817,21.4825,29.4942,0.2984,6,27.9138,27.7212,22.1125,26.256833333333333,26.321914285714286,32.4433,32.7788,27.335,30.883466666666664,31.16394285714286,21.3375,21.3079,21.0454,21.510966666666665,21.18667142857143,30.1154,30.8129,28.3875,29.627933333333335,30.070728571428567,0.2873,0.2992,0.2996,0.28783333333333333,0.3001714285714286
CityA,2025-10-07,21.547083333333333,26.53,20.65833333333333,29.756666666666664,0.287375,17.266666666666666,18.95875,58.1,2.0470833333333336,1010.1375,51.9125,5148,51.9125,9,4,514199,District_A,520000,150,7.0,Low,2025-10-07,21.5471,26.53,20.6583,29.7567,0.2874,4,21.8646,28.9921,22.3263,23.775166666666664,26.2106,26.2817,33.9254,27.1142,28.418333333333333,31.080485714285714,21.4825,21.7129,21.2371,21.159433333333332,21.103985714285717,29.4942,29.2742,30.9467,29.78876666666667,29.90072857142857,0.2984,0.2778,0.3161,0.2910333333333333,0.29607142857142854
CityA,2025-10-08,21.942916666666665,27.396666666666665,21.100416666666664,28.551666666666662,0.3195833333333333,17.654166666666665,18.66125,59.19583333333333,1.8854166666666667,1009.7666666666668,51.6875,5686,51.6875,13,7,515399,District_A,520000,150,7.0,Medium,2025-10-08,21.9429,27.3967,21.1004,28.5517,0.3196,7,21.5471,27.9138,27.0775,21.78486666666667,25.477085714285717,26.53,32.4433,32.2142,26.736133333333328,30.39227142857143,20.6583,21.3375,21.1096,21.0804,21.10267142857143,29.7567,30.1154,29.3588,29.267533333333336,29.78542857142857,0.2874,0.2873,0.3022,0.3018,0.29855714285714285
CityA,2025-10-09,20.995416666666667,26.02,22.3,29.57041666666667,0.3135,17.058333333333334,18.53875,60.11666666666667,2.2125,1011.0166666666668,51.12916666666666,5769,51.12916666666666,13,7,493029,District_A,520000,150,5.0,Medium,2025-10-09,20.9954,26.02,22.3,29.5704,0.3135,7,21.9429,21.8646,28.3579,21.49513333333333,24.4253,27.3967,26.2817,33.39,26.648899999999998,29.339414285714287,21.1004,21.4825,20.1192,21.3529,21.414214285714284,28.5517,29.4942,30.4929,29.292933333333337,29.65364285714286,0.3196,0.2984,0.3202,0.30683333333333335,0.29760000000000003
CityA,2025-10-10,20.30958333333333,25.44708333333333,21.68583333333333,30.73,0.29725,16.5625,18.86458333333333,58.95416666666667,2.0175,1009.7041666666668,51.675,4961,51.675,12,5,517691,District_A,520000,150,8.0,Low,2025-10-10,20.3096,25.4471,21.6858,30.73,0.2972,5,20.9954,21.5471,27.7212,21.082633333333334,23.3665,26.02,26.53,32.7788,26.287933333333328,28.29202857142857,22.3,20.6583,21.3079,21.695400000000003,21.4682,29.5704,29.7567,30.8129,29.61736666666667,29.6418,0.3135,0.2874,0.2992,0.3101,0.2973142857142857
CityA,2025-10-11,21.610416666666666,25.812083333333334,21.39833333333333,31.655833333333334,0.317375,17.241666666666667,18.81583333333333,58.79166666666666,2.1075,1010.1,54.35,5175,54.35,14,8,501107,District_A,520000,150,7.0,Medium,2025-10-11,21.6104,25.8121,21.3983,31.6558,0.3174,8,20.3096,21.9429,28.9921,20.971799999999998,22.31197142857143,25.4471,27.3967,33.9254,25.75973333333333,27.132985714285716,21.6858,21.1004,21.7129,21.794700000000002,21.423257142857143,30.73,28.5517,29.2742,30.65206666666667,29.98202857142857,0.2972,0.3196,0.2778,0.3093666666666667,0.30297142857142856
CityB,2025-10-12,27.549166666666665,32.66291666666667,21.610416666666666,29.13416666666667,0.3065,21.383333333333336,24.13583333333333,59.63333333333333,2.0191666666666666,1008.7458333333334,53.07083333333333,5200,53.07083333333333,10,6,500708,District_B,480000,140,4.0,Medium,2025-10-12,27.5492,32.6629,21.6104,29.1342,0.3065,6,21.6104,20.9954,27.9138,23.1564,22.259885714285712,25.8121,26.02,32.4433,27.974033333333328,27.164357142857146,21.3983,22.3,21.3375,21.564833333333336,21.462242857142858,31.6558,29.5704,30.1154,30.50666666666667,29.841857142857144,0.3174,0.3135,0.2873,0.3070333333333333,0.3057142857142857
CityB,2025-10-13,27.238333333333333,32.21125,21.27958333333333,30.63458333333333,0.2939583333333333,21.116666666666667,23.989166666666662,64.04166666666667,1.887916666666667,1011.1625,56.02916666666667,5081,56.02916666666667,7,4,512394,District_B,480000,140,4.0,Low,2025-10-13,27.2383,32.2112,21.2796,30.6346,0.294,4,27.5492,20.3096,21.8646,25.465966666666663,23.027557142857145,32.6629,25.4471,26.2817,30.228733333333327,28.011428571428574,21.6104,21.6858,21.4825,21.429433333333332,21.433257142857144,29.1342,30.73,29.4942,30.474866666666667,30.004771428571427,0.3065,0.2972,0.2984,0.30596666666666666,0.3050857142857143
CityA,2025-10-14,20.41583333333333,25.01083333333333,20.761666666666667,30.085416666666664,0.2984166666666666,16.462500000000002,18.92833333333333,58.575,2.161666666666666,1009.8416666666668,53.4125,5198,53.4125,12,7,477288,District_A,520000,150,7.0,Medium,2025-10-14,20.4158,25.0108,20.7617,30.0854,0.2984,7,27.2383,21.6104,21.5471,25.067766666666667,22.86594285714286,32.2112,25.8121,26.53,29.961633333333328,27.7944,21.2796,21.3983,20.6583,21.21723333333333,21.448028571428573,30.6346,31.6558,29.7567,29.951400000000003,30.051728571428573,0.294,0.3174,0.2874,0.29963333333333336,0.3066571428571429
CityB,2025-10-15,28.715416666666663,34.22708333333333,20.3725,28.074583333333333,0.28175,22.09583333333333,23.90416666666667,58.8375,1.83625,1010.0041666666666,52.79166666666666,5395,52.79166666666666,8,4,498434,District_B,480000,140,7.0,Low,2025-10-15,28.7154,34.2271,20.3725,28.0746,0.2818,4,20.4158,27.5492,21.9429,25.456499999999995,23.833442857142852,25.0108,32.6629,27.3967,30.483033333333328,28.770171428571427,20.7617,21.6104,21.1004,20.804599999999997,21.344042857142856,30.0854,29.1342,28.5517,29.598200000000002,29.983571428571427,0.2984,0.3065,0.3196,0.2914,0.30125714285714283
CityB,2025-10-16,28.618333333333336,33.134166666666665,21.766666666666666,30.025,0.2855416666666666,22.016666666666666,23.78458333333333,59.1875,2.07875,1009.4791666666666,54.208333333333336,5166,54.208333333333336,12,7,497786,District_B,480000,140,4.0,Medium,2025-10-16,28.6183,33.1342,21.7667,30.025,0.2855,7,28.7154,27.2383,20.9954,25.9165,24.922428571428572,34.2271,32.2112,26.02,30.790699999999998,29.78648571428571,20.3725,21.2796,22.3,20.966966666666668,21.267857142857142,28.0746,30.6346,29.5704,29.395,30.048514285714283,0.2818,0.294,0.3135,0.2885666666666667,0.29725714285714283
CityB,2025-10-17,27.09125,32.3925,21.57166666666667,30.85458333333333,0.2997083333333333,21.1,24.361666666666665,58.5625,1.8641666666666667,1009.7916666666666,55.76666666666667,5378,55.76666666666667,8,4,499977,District_B,480000,140,6.0,Low,2025-10-17,27.0912,32.3925,21.5717,30.8546,0.2997,4,28.6183,20.4158,20.3096,28.14163333333333,25.891228571428574,33.1342,25.0108,25.4471,33.25126666666666,30.778685714285718,21.7667,20.7617,21.6858,21.236966666666667,21.25155714285714,30.025,30.0854,30.73,29.651400000000006,30.066314285714288,0.2855,0.2984,0.2972,0.289,0.2976142857142857
CityA,2025-10-18,23.095,27.832083333333333,20.432916666666667,29.141666666666666,0.29275,18.22083333333333,18.812083333333334,61.083333333333336,2.182916666666667,1009.8416666666668,51.80416666666667,5367,51.80416666666667,11,7,520265,District_A,520000,150,8.0,Medium,2025-10-18,23.095,27.8321,20.4329,29.1417,0.2928,7,27.0912,28.7154,21.6104,26.26816666666667,26.103314285714287,32.3925,34.2271,25.8121,31.119599999999995,31.06725714285714,21.5717,20.3725,21.3983,21.257099999999998,21.113642857142857,30.8546,28.0746,31.6558,30.007100000000005,29.70715714285714,0.2997,0.2818,0.3174,0.2926666666666667,0.2941
CityB,2025-10-19,27.557916666666667,31.97458333333333,20.811666666666667,29.865,0.2982916666666667,21.183333333333334,24.567916666666665,59.4375,1.9408333333333327,1010.4,56.00416666666666,5189,56.00416666666666,9,5,499575,District_B,480000,140,4.0,Low,2025-10-19,27.5579,31.9746,20.8117,29.865,0.2983,5,23.095,28.6183,27.5492,25.9147,26.104557142857143,27.8321,33.1342,32.6629,30.733066666666662,30.968928571428574,20.4329,21.7667,21.6104,20.938766666666666,20.99954285714286,29.1417,30.025,29.1342,29.953766666666667,29.811557142857144,0.2928,0.2855,0.3065,0.2969333333333333,0.2929285714285714
CityB,2025-10-20,27.43208333333333,31.52583333333333,21.40375,30.74083333333333,0.302125,21.120833333333334,24.27208333333333,57.85833333333333,2.025416666666666,1011.2541666666666,54.6375,5220,54.6375,9,4,498291,District_B,480000,140,7.0,Low,2025-10-20,27.4321,31.5258,21.4038,30.7408,0.3021,4,27.5579,27.0912,27.2383,26.028333333333332,26.13224285714286,31.9746,32.3925,32.2112,30.44416666666666,30.871014285714285,20.8117,21.5717,21.2796,20.8828,21.017285714285716,29.865,30.8546,30.6346,29.915833333333335,29.82672857142857,0.2983,0.2997,0.294,0.29773333333333335,0.29408571428571434
CityB,2025-10-21,28.26708333333333,33.91875,20.938333333333333,29.52958333333333,0.3018333333333333,21.883333333333336,23.70125,59.525,2.125,1010.1333333333332,54.975,4940,54.975,11,7,519688,District_B,480000,140,5.0,Medium,2025-10-21,28.2671,33.9188,20.9383,29.5296,0.3018,7,27.4321,23.095,20.4158,27.752366666666664,27.25385714285714,31.5258,27.8321,25.0108,32.47306666666666,32.14358571428571,21.4038,20.4329,20.7617,21.051266666666667,21.042514285714283,30.7408,29.1417,30.0854,30.045133333333336,29.74732857142857,0.3021,0.2928,0.2984,0.30073333333333335,0.2945714285714286
CityB,2025-10-22,28.41333333333333,33.69166666666667,20.105,28.972916666666663,0.2877083333333333,21.8375,24.212083333333336,60.17083333333333,2.0029166666666667,1009.9833333333332,53.07916666666667,4754,53.07916666666667,9,5,524860,District_B,480000,140,5.0,Low,2025-10-22,28.4133,33.6917,20.105,28.9729,0.2877,5,28.2671,27.5579,28.7154,28.037499999999998,27.2107,33.9188,31.9746,34.2271,33.04543333333333,32.067099999999996,20.9383,20.8117,20.3725,20.815700000000003,21.0043,29.5296,29.865,28.0746,29.747766666666667,29.875657142857143,0.3018,0.2983,0.2818,0.29719999999999996,0.2954142857142857
CityA,2025-10-23,22.337083333333336,26.461250000000003,20.36208333333333,30.065,0.3089166666666667,17.625,19.017083333333336,62.05416666666667,2.115,1010.6375,52.74583333333334,5506,52.74583333333334,15,8,502765,District_A,520000,150,7.0,Medium,2025-10-23,22.3371,26.4613,20.3621,30.065,0.3089,8,28.4133,27.4321,28.6183,26.339166666666667,26.313385714285715,33.6917,31.5258,33.1342,31.357266666666664,31.11382857142857,20.105,21.4038,21.7667,20.468466666666668,20.803642857142858,28.9729,30.7408,30.025,29.522500000000004,29.88137142857143,0.2877,0.3021,0.2855,0.29946666666666666,0.2987571428571429
CityB,2025-10-24,27.826666666666668,32.72958333333333,23.47208333333333,29.817083333333333,0.302125,21.725,24.521666666666665,62.9125,2.043333333333333,1009.5166666666668,54.2,4863,54.2,5,3,519325,District_B,480000,140,4.0,Low,2025-10-24,27.8267,32.7296,23.4721,29.8171,0.3021,3,22.3371,28.2671,27.0912,26.19236666666667,26.41845714285714,26.4613,33.9188,32.3925,30.96086666666666,31.161985714285713,20.3621,20.9383,21.5717,21.313066666666668,21.07512857142857,30.065,29.5296,30.8546,29.618333333333336,29.73315714285714,0.3089,0.3018,0.2997,0.2995666666666667,0.29910000000000003
CityA,2025-10-25,21.53625,27.089166666666667,21.09583333333333,28.152083333333334,0.3119583333333333,17.391666666666666,18.7725,59.425,1.9241666666666664,1010.9625,54.31666666666666,5306,54.31666666666666,14,8,494035,District_A,520000,150,8.0,Medium,2025-10-25,21.5362,27.0892,21.0958,28.1521,0.312,8,27.8267,28.4133,23.095,23.900000000000002,26.195771428571426,32.7296,33.6917,27.8321,28.76003333333333,31.055857142857143,23.4721,20.105,20.4329,21.643333333333334,21.169828571428575,29.8171,28.9729,29.1417,29.344733333333338,29.591785714285717,0.3021,0.2877,0.2928,0.30766666666666664,0.30184285714285713
CityB,2025-10-26,27.809166666666663,32.330416666666665,21.067916666666665,29.471666666666668,0.3015833333333333,21.40416666666667,24.84,60.4375,2.00125,1010.7833333333332,55.94583333333333,5072,55.94583333333333,9,5,508977,District_B,480000,140,9.0,Low,2025-10-26,27.8092,32.3304,21.0679,29.4717,0.3016,5,21.5362,22.3371,27.5579,25.724033333333335,26.231671428571428,27.0892,26.4613,31.9746,30.716399999999993,31.106685714285714,21.0958,20.3621,20.8117,21.878600000000002,21.20642857142857,28.1521,30.065,29.865,29.14696666666667,29.5356,0.312,0.3089,0.2983,0.3052333333333333,0.3023142857142857
CityB,2025-10-27,29.57208333333333,33.85666666666666,21.544166666666666,28.77583333333333,0.3095,22.579166666666666,24.286666666666665,58.90833333333333,1.8995833333333327,1011.0416666666666,55.53333333333333,5202,55.53333333333333,15,9,503565,District_B,480000,140,6.0,Medium,2025-10-27,29.5721,33.8567,21.5442,28.7758,0.3095,9,27.8092,27.8267,27.4321,26.30583333333333,26.537385714285715,32.3304,32.7296,31.5258,31.0921,31.439671428571426,21.0679,23.4721,21.4038,21.23596666666667,21.22648571428572,29.4717,29.8171,30.7408,28.79986666666667,29.254885714285713,0.3016,0.3021,0.3021,0.3077,0.30337142857142857
CityB,2025-10-28,28.67958333333333,32.720416666666665,20.852083333333333,30.740416666666665,0.3066666666666666,21.875,24.363333333333333,60.78333333333333,1.8970833333333328,1010.0958333333332,54.337500000000006,4738,54.337500000000006,10,6,510546,District_B,480000,140,6.0,Medium,2025-10-28,28.6796,32.7204,20.8521,30.7404,0.3067,6,29.5721,21.5362,28.2671,28.686966666666667,26.59631428571429,33.8567,27.0892,33.9188,32.96916666666666,31.268471428571427,21.5442,21.0958,20.9383,21.154733333333336,21.21417142857143,28.7758,28.1521,29.5296,29.662633333333332,29.427857142857142,0.3095,0.312,0.3018,0.30593333333333333,0.30407142857142855
CityB,2025-10-29,28.77416666666667,33.420833333333334,21.711250000000003,30.050416666666667,0.2974583333333333,22.120833333333334,24.034166666666668,58.0,1.9241666666666664,1010.9958333333334,55.7,5180,55.7,11,6,510717,District_B,480000,140,9.0,Medium,2025-10-29,28.7742,33.4208,21.7113,30.0504,0.2975,6,28.6796,27.8092,28.4133,29.008633333333336,26.647871428571428,32.7204,32.3304,33.6917,33.33263333333333,31.22977142857143,20.8521,21.0679,20.105,21.369200000000003,21.44364285714286,30.7404,29.4717,28.9729,29.855533333333337,29.58178571428571,0.3067,0.3016,0.2877,0.30456666666666665,0.30547142857142856
