city,date,pm25_mean,pm10_mean,no2_mean,o3_mean,co_mean,aqi_mean,temp_mean,humidity_mean,wind_mean,pressure_mean,traffic_index_mean,vehicle_count_sum,congestion_mean,hospital_admissions,respiratory_admissions,population_est,district,population,area_km2,next_day_respiratory_admissions,risk_category
CityA,2025-08-01,20.06125,25.5425,20.107916666666668,29.990416666666665,0.3009166666666666,16.304166666666667,18.89583333333333,62.25416666666666,2.045,1008.5416666666666,51.39166666666667,4948,51.39166666666667,11,6,491351,District_A,520000,150,8.0,Medium
CityA,2025-08-02,22.857916666666668,27.84583333333333,22.04625,31.797083333333333,0.3159583333333333,18.28333333333333,18.65458333333333,59.3625,2.14625,1008.45,51.91666666666666,5384,51.91666666666666,13,8,544451,District_A,520000,150,7.0,Medium
CityA,2025-08-03,22.036666666666665,27.68166666666667,21.262916666666666,29.75583333333333,0.31925,17.754166666666666,18.90958333333333,58.89166666666667,2.0708333333333333,1009.9583333333334,52.0125,5344,52.0125,11,7,496449,District_A,520000,150,5.0,Medium
CityA,2025-08-04,22.117500000000003,25.47208333333333,22.25708333333333,30.97375,0.2878333333333333,17.533333333333335,19.084166666666665,61.53333333333333,1.8670833333333332,1010.0625,49.01666666666666,4978,49.01666666666666,10,5,500346,District_A,520000,150,8.0,Low
CityA,2025-08-05,21.50333333333333,25.660833333333333,23.339166666666667,29.19875,0.2975833333333333,17.3625,18.565,57.97916666666666,2.04625,1009.7125,49.84583333333333,5599,49.84583333333333,15,8,497638,District_A,520000,150,6.0,Medium
CityA,2025-08-06,21.575416666666666,27.5225,19.01333333333333,29.29083333333333,0.3012916666666667,17.275000000000002,18.780416666666667,62.82083333333333,2.04625,1008.9166666666666,52.24166666666667,5109,52.24166666666667,13,6,510778,District_A,520000,150,9.0,Medium
CityA,2025-08-07,19.467916666666667,25.35375,20.40333333333333,28.515833333333333,0.303125,15.991666666666667,19.20458333333333,61.24583333333334,1.83625,1009.8791666666666,52.15416666666667,5157,52.15416666666667,14,9,508305,District_A,520000,150,7.0,Medium
CityA,2025-08-08,20.74375,26.11458333333333,20.94083333333333,31.26083333333333,0.28375,16.816666666666666,18.519583333333333,60.97083333333333,1.91125,1010.6666666666666,50.96666666666667,5033,50.96666666666667,13,7,521397,District_A,520000,150,8.0,Medium
CityA,2025-08-09,21.599166666666665,26.530833333333334,22.075416666666666,31.363333333333333,0.2937916666666667,17.4375,19.186666666666667,60.4,2.085833333333333,1011.3625,49.44583333333333,5150,49.44583333333333,13,8,500102,District_A,520000,150,8.0,Medium
CityA,2025-08-10,21.46375,26.854166666666668,21.097916666666663,30.4,0.300625,17.316666666666666,18.67875,60.3375,2.0383333333333336,1009.3958333333334,49.708333333333336,4840,49.708333333333336,15,8,527163,District_A,520000,150,6.0,Medium
CityA,2025-08-11,21.906666666666663,25.28333333333333,21.542916666666667,28.9225,0.3042499999999999,17.329166666666666,18.543333333333333,60.87916666666666,2.1091666666666664,1009.6625,52.49166666666667,5185,52.49166666666667,10,6,524787,District_A,520000,150,8.0,Medium
CityA,2025-08-12,20.4275,25.79208333333333,21.229166666666668,29.2925,0.301125,16.6375,18.7925,58.06666666666666,2.130416666666666,1009.8333333333334,52.27916666666667,5526,52.27916666666667,13,8,511990,District_A,520000,150,7.0,Medium
CityA,2025-08-13,19.57875,25.30875,22.0075,30.19541666666667,0.2890833333333333,16.204166666666666,18.990416666666665,60.0125,1.89625,1010.15,48.708333333333336,5147,48.708333333333336,13,7,510775,District_A,520000,150,7.0,Medium
CityA,2025-08-14,20.78708333333333,25.87875,21.48958333333333,30.1925,0.3150416666666666,16.8625,18.57208333333333,60.28333333333333,1.84,1010.1083333333332,53.275,5333,53.275,14,7,514149,District_A,520000,150,6.0,Medium
CityA,2025-08-15,21.56625,27.35291666666667,19.5475,31.042916666666667,0.2992083333333333,17.291666666666668,18.746666666666663,57.94583333333333,1.9554166666666664,1010.6833333333334,51.29166666666666,5112,51.29166666666666,12,6,522125,District_A,520000,150,8.0,Medium
CityA,2025-08-16,18.60291666666667,22.72625,22.031666666666663,29.898750000000003,0.309625,15.283333333333331,18.710416666666667,59.28333333333333,2.0591666666666666,1010.4166666666666,53.02916666666667,5431,53.02916666666667,13,8,490336,District_A,520000,150,9.0,Medium
CityA,2025-08-17,20.479166666666668,26.379166666666663,20.375416666666663,31.66875,0.29925,16.679166666666667,18.46333333333333,59.3,2.138333333333333,1009.8708333333334,52.42083333333333,5299,52.42083333333333,15,9,514557,District_A,520000,150,6.0,Medium
CityA,2025-08-18,20.954166666666666,25.243333333333336,21.04208333333333,28.875,0.3005833333333333,16.787499999999998,18.802916666666665,59.80833333333334,1.7816666666666665,1010.0916666666668,52.40416666666667,4672,52.40416666666667,11,6,513389,District_A,520000,150,6.0,Medium
CityA,2025-08-19,21.03875,24.889166666666668,21.1675,29.485,0.3005416666666666,16.779166666666665,18.54041666666667,59.3375,1.8029166666666667,1010.4791666666666,50.55,5348,50.55,12,6,513619,District_A,520000,150,8.0,Medium
CityA,2025-08-20,20.7375,25.816666666666663,20.485,30.84166666666667,0.3155,16.720833333333335,18.40458333333333,62.17916666666667,1.95,1009.25,53.26666666666667,5443,53.26666666666667,15,8,501644,District_A,520000,150,7.0,Medium
CityA,2025-08-21,21.377916666666668,26.780416666666667,20.955,30.15333333333333,0.27975,17.254166666666666,18.27125,60.6875,1.872083333333333,1009.1958333333332,53.2375,5220,53.2375,14,7,531128,District_A,520000,150,9.0,Medium
CityA,2025-08-22,21.9025,26.170416666666668,22.211250000000003,31.785,0.300125,17.545833333333334,18.82125,59.2,1.9275,1010.6666666666666,50.91666666666666,5339,50.91666666666666,15,9,508335,District_A,520000,150,6.0,Medium
CityA,2025-08-23,22.012916666666666,27.255,22.12833333333333,29.01458333333333,0.3115,17.766666666666666,18.481666666666666,61.583333333333336,1.975833333333333,1009.325,53.7875,4721,53.7875,11,6,470676,District_A,520000,150,6.0,Medium
CityA,2025-08-24,21.59375,25.75916666666667,20.266666666666666,28.570416666666663,0.3137083333333333,17.120833333333334,18.73375,62.41666666666666,1.9029166666666668,1009.7708333333334,52.39166666666667,5147,52.39166666666667,11,6,504453,District_A,520000,150,7.0,Medium
CityA,2025-08-25,19.432916666666667,23.861666666666668,21.022916666666667,29.383333333333336,0.2995416666666666,15.795833333333334,18.73541666666667,57.09166666666667,1.9920833333333332,1010.4541666666668,53.37916666666666,5342,53.37916666666666,12,7,512855,District_A,520000,150,7.0,Medium
CityA,2025-08-26,20.825,25.508333333333336,21.40625,30.595416666666665,0.2955,16.783333333333335,18.35333333333333,59.82083333333333,1.87375,1010.0,53.0625,4855,53.0625,11,7,499191,District_A,520000,150,7.0,Medium
CityA,2025-08-27,18.937916666666663,24.223333333333333,22.490416666666665,30.11083333333333,0.3138333333333333,15.7625,18.284166666666668,59.84166666666667,2.157083333333333,1009.65,53.55,4818,53.55,13,7,504183,District_A,520000,150,5.0,Medium
CityA,2025-08-28,21.611666666666665,26.942916666666665,21.438333333333333,29.6925,0.3049583333333333,17.441666666666666,18.481666666666666,59.525,1.9691666666666665,1010.4333333333334,52.13333333333333,5479,52.13333333333333,9,5,483800,District_A,520000,150,7.0,Low
CityA,2025-08-29,21.89708333333333,26.749583333333334,21.000833333333333,30.57333333333333,0.2931666666666666,17.5125,18.512916666666666,57.395833333333336,1.7558333333333334,1010.9958333333334,55.11666666666667,5183,55.11666666666667,13,7,481746,District_A,520000,150,6.0,Medium
CityA,2025-08-30,21.008333333333333,26.742083333333337,21.879166666666663,29.86625,0.281625,17.150000000000002,18.03458333333333,58.49166666666667,2.125833333333333,1010.2375,55.50416666666666,5443,55.50416666666666,11,6,507229,District_A,520000,150,7.0,Medium
CityA,2025-08-31,20.110833333333336,25.515416666666667,22.42,30.249166666666667,0.2917083333333333,16.545833333333334,18.52,58.49166666666667,2.0704166666666666,1008.5375,50.4625,5255,50.4625,14,7,522068,District_A,520000,150,7.0,Medium
CityA,2025-09-01,19.602916666666665,23.34583333333333,22.011666666666667,30.052916666666665,0.3064583333333333,15.895833333333334,18.74,60.02916666666667,2.0416666666666665,1010.2458333333334,52.14166666666667,5328,52.14166666666667,13,7,490656,District_A,520000,150,8.0,Medium
CityA,2025-09-02,23.235416666666666,27.785416666666663,20.891666666666666,31.00625,0.302375,18.341666666666665,18.41375,62.025,2.0370833333333334,1009.5291666666668,54.44583333333333,5853,54.44583333333333,13,8,532737,District_A,520000,150,8.0,Medium
CityA,2025-09-03,19.964583333333334,25.005,22.15958333333333,30.80666666666667,0.306375,16.383333333333333,18.32708333333333,59.37916666666667,2.1133333333333333,1010.0666666666666,52.01666666666667,5567,52.01666666666667,13,8,522202,District_A,520000,150,8.0,Medium
CityA,2025-09-04,20.579583333333336,26.24083333333333,20.317083333333333,28.699166666666667,0.2947916666666667,16.695833333333333,18.695833333333333,61.05416666666667,1.9370833333333333,1010.1458333333334,55.1,5641,55.1,14,8,504560,District_A,520000,150,8.0,Medium
CityA,2025-09-05,18.880416666666665,24.247083333333336,22.027083333333334,26.957916666666662,0.3002083333333333,15.6875,18.70625,60.7625,1.9833333333333332,1009.8583333333332,52.1875,5273,52.1875,14,8,534373,District_A,520000,150,7.0,Medium
CityA,2025-09-06,21.41,27.45125,22.12375,28.918333333333333,0.301,17.504166666666666,18.83625,59.770833333333336,2.01125,1009.4916666666668,52.895833333333336,5064,52.895833333333336,14,7,488286,District_A,520000,150,9.0,Medium
CityA,2025-09-07,21.12625,25.855416666666667,21.84875,30.06833333333333,0.2953333333333333,17.058333333333334,18.575416666666666,61.09583333333333,2.0708333333333333,1010.25,51.395833333333336,5314,51.395833333333336,14,9,529314,District_A,520000,150,7.0,Medium
CityA,2025-09-08,21.105,27.4675,21.054166666666667,29.261666666666667,0.306125,17.229166666666668,18.64708333333333,61.18333333333334,1.9916666666666665,1010.4,51.37916666666666,5503,51.37916666666666,13,7,505951,District_A,520000,150,8.0,Medium
CityA,2025-09-09,22.21375,26.718333333333334,21.00958333333333,30.031666666666663,0.2954166666666666,17.650000000000002,18.742916666666662,60.2375,1.88375,1009.4291666666668,50.54583333333333,5112,50.54583333333333,15,8,516411,District_A,520000,150,10.0,Medium
CityA,2025-09-10,21.55875,26.789583333333336,20.715416666666663,28.54208333333333,0.3051666666666666,17.3125,18.927916666666665,59.65416666666667,1.98875,1008.7333333333332,53.75,5349,53.75,16,10,493257,District_A,520000,150,8.0,Medium
CityA,2025-09-11,21.401666666666667,26.46,20.28875,30.6675,0.2975833333333333,17.150000000000002,18.684166666666663,61.19166666666666,2.2495833333333333,1008.8416666666668,54.3,5165,54.3,13,8,487260,District_A,520000,150,5.0,Medium
CityA,2025-09-12,20.686666666666667,25.657916666666665,21.24458333333333,29.765,0.297875,16.741666666666667,18.7775,60.895833333333336,1.9495833333333328,1009.9958333333334,51.92083333333333,5299,51.92083333333333,11,5,528924,District_A,520000,150,8.0,Low
CityA,2025-09-13,20.942916666666665,26.354166666666668,20.313333333333333,30.31833333333333,0.3067083333333333,16.89166666666667,18.852083333333333,61.26666666666667,1.877916666666667,1010.3208333333332,55.56666666666666,5277,55.56666666666666,14,8,491659,District_A,520000,150,5.0,Medium
CityA,2025-09-14,18.60333333333333,22.885,21.06583333333333,28.0675,0.3070833333333333,15.225,18.839583333333334,59.19166666666666,1.9904166666666667,1009.9583333333334,49.69583333333333,4934,49.69583333333333,10,5,480520,District_A,520000,150,7.0,Low
CityA,2025-09-15,21.97125,27.23625,20.625,28.552916666666665,0.2765,17.587500000000002,18.86583333333333,59.5,1.950416666666667,1010.7916666666666,50.90833333333333,5125,50.90833333333333,15,7,501554,District_A,520000,150,7.0,Medium
CityA,2025-09-16,22.242500000000003,26.49708333333333,21.264166666666664,30.775,0.3109583333333333,17.654166666666665,18.51625,58.083333333333336,1.92375,1010.1708333333332,50.4625,5053,50.4625,12,7,476149,District_A,520000,150,6.0,Medium
CityA,2025-09-17,19.612916666666667,24.655833333333334,21.112916666666667,30.027083333333334,0.2909583333333334,16.025000000000002,18.657083333333333,59.65416666666667,1.9954166666666664,1009.6916666666666,53.34583333333333,5532,53.34583333333333,9,6,508336,District_A,520000,150,6.0,Medium
CityA,2025-09-18,20.305416666666662,25.26833333333333,20.13375,29.770416666666662,0.2878333333333333,16.3875,18.76458333333333,60.41666666666666,1.9866666666666664,1009.175,52.42083333333333,5126,52.42083333333333,10,6,469466,District_A,520000,150,8.0,Medium
CityA,2025-09-19,19.905,24.717916666666667,22.057916666666667,30.65125,0.3205416666666666,16.2625,18.82875,58.57083333333333,2.029583333333333,1010.1416666666668,53.225,5179,53.225,13,8,475793,District_A,520000,150,7.0,Medium
CityA,2025-09-20,21.1675,26.55333333333333,22.13875,30.38416666666667,0.2984583333333333,17.224999999999998,18.57583333333333,59.85833333333333,1.9383333333333332,1010.0833333333334,53.5125,4984,53.5125,13,7,479312,District_A,520000,150,5.0,Medium
CityA,2025-09-21,19.332083333333333,24.160833333333333,21.82875,28.831666666666667,0.2824583333333333,15.875,18.51125,61.45,1.90125,1010.45,50.02916666666667,4957,50.02916666666667,10,5,514379,District_A,520000,150,6.0,Low
CityA,2025-09-22,20.73125,25.82166666666667,21.1675,31.058333333333334,0.2990416666666666,16.795833333333334,18.422916666666666,60.07083333333333,1.9708333333333328,1010.8375,51.29166666666666,5155,51.29166666666666,12,6,498714,District_A,520000,150,4.0,Medium
CityA,2025-09-23,21.133333333333333,26.535,20.567916666666665,29.700833333333332,0.281875,17.041666666666668,18.245,58.0875,2.03,1010.9666666666668,51.82916666666667,5166,51.82916666666667,8,4,520882,District_A,520000,150,6.0,Low
CityA,2025-09-24,22.120833333333334,25.7525,20.4275,30.960833333333337,0.3036666666666667,17.3875,18.48125,59.40416666666667,2.04125,1009.7125,53.49166666666667,5629,53.49166666666667,10,6,547154,District_A,520000,150,7.0,Medium
CityA,2025-09-25,18.92875,23.686666666666667,21.7,29.879583333333333,0.2891666666666666,15.575,18.321250000000003,59.375,1.9075,1009.7041666666668,51.44166666666666,5492,51.44166666666666,13,7,514710,District_A,520000,150,8.0,Medium
CityA,2025-09-26,19.24875,24.91541666666667,21.175416666666667,29.715416666666663,0.3000833333333333,15.891666666666666,18.540416666666665,58.9125,1.9266666666666667,1009.8083333333334,50.65416666666667,5248,50.65416666666667,13,8,509975,District_A,520000,150,7.0,Medium
CityA,2025-09-27,21.811666666666667,26.41125,20.12125,29.81458333333333,0.2940416666666667,17.320833333333333,18.05666666666667,59.8875,1.9604166666666665,1010.1583333333332,52.325,4870,52.325,13,7,540423,District_A,520000,150,6.0,Medium
CityA,2025-09-28,21.04958333333333,27.37875,21.42125,31.214166666666667,0.3139583333333333,17.229166666666668,18.44083333333333,58.92083333333333,1.9145833333333333,1009.1583333333332,54.2,5266,54.2,10,6,508575,District_A,520000,150,6.0,Medium
CityA,2025-09-29,22.1125,27.335,21.045416666666664,28.3875,0.2995833333333333,17.729166666666668,18.630416666666665,61.01666666666667,2.0329166666666665,1010.1625,49.47916666666666,5303,49.47916666666666,11,6,496414,District_A,520000,150,9.0,Medium
CityA,2025-09-30,22.32625,27.114166666666662,21.23708333333333,30.94666666666667,0.316125,17.804166666666667,18.657083333333333,60.45,2.044166666666667,1010.5291666666668,51.22083333333333,5324,51.22083333333333,15,9,497867,District_A,520000,150,5.0,Medium
CityA,2025-10-01,19.72,25.425,21.770416666666662,28.40625,0.326375,16.270833333333332,18.31416666666667,58.59166666666667,2.0004166666666667,1009.9166666666666,51.26666666666667,5524,51.26666666666667,11,5,497766,District_A,520000,150,8.0,Low
CityA,2025-10-02,19.135,24.321250000000003,21.58333333333333,28.96375,0.2905416666666666,15.783333333333331,18.83375,60.2125,1.945,1010.8375,50.9,5374,50.9,13,8,461887,District_A,520000,150,8.0,Medium
CityA,2025-10-03,20.432916666666667,23.750416666666663,20.88,30.64833333333333,0.2862916666666666,16.2625,18.667916666666667,61.62083333333334,1.9833333333333332,1010.4791666666666,51.55833333333334,5074,51.55833333333334,14,8,487493,District_A,520000,150,5.0,Medium
CityA,2025-10-04,21.519166666666667,27.71708333333333,20.372916666666665,31.398750000000003,0.293875,17.412499999999998,18.565416666666668,60.5625,1.9508333333333332,1010.8333333333334,49.87083333333334,4796,49.87083333333334,9,5,531299,District_A,520000,150,5.0,Low
CityA,2025-10-05,20.545416666666668,25.60125,20.4675,29.262083333333333,0.3159166666666667,16.583333333333332,18.99625,60.2125,2.005,1009.8416666666668,51.8,4959,51.8,8,5,537425,District_A,520000,150,6.0,Low
CityA,2025-10-06,21.86458333333333,26.281666666666663,21.4825,29.49416666666667,0.298375,17.458333333333332,18.695,61.86666666666667,2.0829166666666667,1010.0916666666668,51.375,5320,51.375,13,6,516651,District_A,520000,150,4.0,Medium
CityA,2025-10-07,21.547083333333333,26.53,20.65833333333333,29.756666666666664,0.287375,17.266666666666666,18.95875,58.1,2.0470833333333336,1010.1375,51.9125,5148,51.9125,9,4,514199,District_A,520000,150,7.0,Low
CityA,2025-10-08,21.942916666666665,27.396666666666665,21.100416666666664,28.551666666666662,0.3195833333333333,17.654166666666665,18.66125,59.19583333333333,1.8854166666666667,1009.7666666666668,51.6875,5686,51.6875,13,7,515399,District_A,520000,150,7.0,Medium
CityA,2025-10-09,20.995416666666667,26.02,22.3,29.57041666666667,0.3135,17.058333333333334,18.53875,60.11666666666667,2.2125,1011.0166666666668,51.12916666666666,5769,51.12916666666666,13,7,493029,District_A,520000,150,5.0,Medium
CityA,2025-10-10,20.30958333333333,25.44708333333333,21.68583333333333,30.73,0.29725,16.5625,18.86458333333333,58.95416666666667,2.0175,1009.7041666666668,51.675,4961,51.675,12,5,517691,District_A,520000,150,8.0,Low
CityA,2025-10-11,21.610416666666666,25.812083333333334,21.39833333333333,31.655833333333334,0.317375,17.241666666666667,18.81583333333333,58.79166666666666,2.1075,1010.1,54.35,5175,54.35,14,8,501107,District_A,520000,150,7.0,Medium
CityA,2025-10-12,20.605416666666667,25.7725,21.18916666666667,31.13291666666667,0.2998333333333333,16.720833333333335,18.24625,60.66666666666666,1.8416666666666668,1010.4166666666666,54.55,5443,54.55,12,7,485881,District_A,520000,150,8.0,Medium
CityA,2025-10-13,21.71375,27.184166666666663,20.935416666666665,30.880416666666665,0.3023333333333333,17.474999999999998,18.74375,58.95416666666667,2.0470833333333336,1009.1,53.475,4947,53.475,14,8,512367,District_A,520000,150,7.0,Medium
CityA,2025-10-14,20.41583333333333,25.01083333333333,20.761666666666667,30.085416666666664,0.2984166666666666,16.462500000000002,18.92833333333333,58.575,2.161666666666666,1009.8416666666668,53.4125,5198,53.4125,12,7,477288,District_A,520000,150,7.0,Medium
CityA,2025-10-15,21.75958333333333,26.807916666666667,21.755,30.546666666666667,0.29175,17.520833333333332,18.91958333333333,60.67083333333333,2.210833333333333,1009.7125,52.225,5490,52.225,13,7,514292,District_A,520000,150,9.0,Medium
CityA,2025-10-16,20.887083333333333,26.2475,21.162916666666668,29.28125,0.2895416666666666,16.92083333333333,18.94125,60.770833333333336,2.0229166666666667,1010.5625,51.5875,5351,51.5875,15,9,473140,District_A,520000,150,7.0,Medium
CityA,2025-10-17,20.27541666666667,25.061666666666667,21.66333333333333,28.895,0.3151666666666666,16.470833333333335,19.075416666666666,59.4875,2.160416666666667,1010.0,52.2,5360,52.2,11,7,508887,District_A,520000,150,7.0,Medium
CityA,2025-10-18,23.095,27.832083333333333,20.432916666666667,29.141666666666666,0.29275,18.22083333333333,18.812083333333334,61.083333333333336,2.182916666666667,1009.8416666666668,51.80416666666667,5367,51.80416666666667,11,7,520265,District_A,520000,150,8.0,Medium
CityA,2025-10-19,20.40875,26.335,20.727083333333333,30.827916666666667,0.2950833333333333,16.658333333333335,18.671666666666667,60.05416666666667,2.0466666666666664,1010.35,53.7875,5371,53.7875,14,8,548348,District_A,520000,150,7.0,Medium
CityA,2025-10-20,21.11916666666667,25.11083333333333,21.9,29.865416666666665,0.30275,16.9375,18.38083333333333,60.7375,2.0116666666666667,1010.4875,52.82083333333333,5411,52.82083333333333,12,7,503722,District_A,520000,150,4.0,Medium
CityA,2025-10-21,21.61916666666667,25.699166666666667,20.61833333333333,29.07,0.3019583333333333,17.154166666666665,18.25708333333333,61.41666666666666,1.8804166666666668,1009.4,54.96666666666667,5152,54.96666666666667,8,4,508483,District_A,520000,150,7.0,Low
CityA,2025-10-22,21.59875,25.758333333333336,22.32958333333333,31.72583333333333,0.3035833333333333,17.325,18.83375,59.5875,1.9241666666666664,1009.9541666666668,53.3125,5156,53.3125,15,7,493529,District_A,520000,150,8.0,Medium
CityA,2025-10-23,22.337083333333336,26.461250000000003,20.36208333333333,30.065,0.3089166666666667,17.625,19.017083333333336,62.05416666666667,2.115,1010.6375,52.74583333333334,5506,52.74583333333334,15,8,502765,District_A,520000,150,7.0,Medium
CityA,2025-10-24,21.465,26.687916666666663,21.40458333333333,28.401666666666667,0.2979583333333333,17.325,18.987916666666667,58.74166666666667,1.94625,1010.5875,51.69583333333333,5199,51.69583333333333,12,7,479326,District_A,520000,150,8.0,Medium
CityA,2025-10-25,21.53625,27.089166666666667,21.09583333333333,28.152083333333334,0.3119583333333333,17.391666666666666,18.7725,59.425,1.9241666666666664,1010.9625,54.31666666666666,5306,54.31666666666666,14,8,494035,District_A,520000,150,8.0,Medium
CityA,2025-10-26,20.341666666666665,25.344166666666663,20.59083333333333,31.31083333333333,0.288875,16.4375,18.749166666666667,59.85416666666666,1.8629166666666668,1009.4583333333334,52.37916666666666,4898,52.37916666666666,15,8,516109,District_A,520000,150,6.0,Medium
CityA,2025-10-27,20.66,25.57208333333333,20.902083333333334,29.04875,0.2959583333333333,16.675,19.169166666666666,58.1,2.1391666666666667,1010.1166666666668,50.50833333333333,4759,50.50833333333333,10,6,485188,District_A,520000,150,6.0,Medium
CityA,2025-10-28,21.610416666666666,25.9225,20.875,29.604166666666668,0.2936249999999999,17.212500000000002,18.8025,59.7125,2.0108333333333333,1009.7541666666666,51.45,5181,51.45,11,6,497729,District_A,520000,150,9.0,Medium
CityA,2025-10-29,20.64583333333333,25.34208333333333,20.87875,32.16583333333333,0.315,16.629166666666666,18.6125,58.77916666666667,1.9783333333333333,1010.8708333333334,51.28333333333333,5110,51.28333333333333,17,9,499139,District_A,520000,150,,Medium
CityB,2025-08-01,27.4375,33.005,19.725,29.3275,0.295,21.204166666666666,24.067083333333333,59.3,1.99,1009.6958333333332,56.19166666666666,5007,56.19166666666666,9,6,455808,District_B,480000,140,5.0,Medium
CityB,2025-08-02,28.044166666666666,34.347500000000004,21.101666666666667,28.96708333333333,0.2848333333333333,21.85,24.20041666666667,61.00833333333333,2.03375,1009.0791666666668,54.48333333333333,5060,54.48333333333333,8,5,533564,District_B,480000,140,4.0,Low
CityB,2025-08-03,27.93875,34.045833333333334,20.79458333333333,29.79583333333333,0.29725,21.72083333333333,24.14375,58.96666666666667,2.0954166666666665,1010.4208333333332,54.2,4914,54.2,7,4,503324,District_B,480000,140,4.0,Low
CityB,2025-08-04,28.61791666666667,33.14458333333334,22.12833333333333,29.41708333333333,0.2942083333333333,22.041666666666668,24.17125,60.18333333333334,1.9270833333333333,1010.3625,57.475,5034,57.475,8,4,531649,District_B,480000,140,4.0,Low
CityB,2025-08-05,26.631666666666664,31.949583333333333,20.64583333333333,28.55708333333333,0.3024166666666666,20.716666666666665,24.194166666666664,59.79583333333333,1.955833333333333,1009.7291666666666,53.20416666666667,5000,53.20416666666667,7,4,505459,District_B,480000,140,5.0,Low
CityB,2025-08-06,29.105416666666667,34.26,23.20583333333333,29.817083333333333,0.281875,22.570833333333336,24.777083333333334,60.25416666666667,2.2045833333333333,1009.5,55.025,5693,55.025,10,5,496434,District_B,480000,140,5.0,Low
CityB,2025-08-07,28.0275,32.91416666666667,20.55875,30.7775,0.3150416666666666,21.55,23.864166666666662,59.04166666666666,2.1041666666666665,1009.7,55.68333333333334,5145,55.68333333333334,9,5,476476,District_B,480000,140,7.0,Low
CityB,2025-08-08,28.68375,33.96208333333333,20.685416666666665,30.152083333333334,0.3007083333333333,22.075,24.07208333333333,62.083333333333336,2.1020833333333333,1008.9375,54.7,5274,54.7,12,7,521342,District_B,480000,140,4.0,Medium
CityB,2025-08-09,26.4625,31.1425,21.765,31.032083333333333,0.2897916666666666,20.6,24.344166666666663,59.79583333333333,1.84,1009.2333333333332,55.74166666666667,5216,55.74166666666667,8,4,480909,District_B,480000,140,6.0,Low
CityB,2025-08-10,27.637083333333333,33.002916666666664,21.04,28.621666666666663,0.2948333333333333,21.433333333333334,23.77916666666667,60.54166666666666,1.9283333333333332,1010.8291666666668,53.60416666666666,5123,53.60416666666666,11,6,467603,District_B,480000,140,5.0,Medium
CityB,2025-08-11,27.682916666666667,32.57875,22.36458333333333,30.11916666666667,0.3034166666666666,21.516666666666666,23.9625,61.68333333333334,2.07125,1010.25,54.25,5610,54.25,10,5,494093,District_B,480000,140,3.0,Low
CityB,2025-08-12,28.64916666666667,33.24166666666667,21.94666666666667,30.359166666666667,0.3085833333333333,22.054166666666664,24.29875,59.36666666666667,2.0033333333333334,1010.4708333333332,56.01666666666666,5662,56.01666666666666,6,3,489040,District_B,480000,140,4.0,Low
CityB,2025-08-13,27.66625,32.11625,21.80541666666667,31.15625,0.2798333333333333,21.370833333333334,24.558333333333334,60.59583333333333,1.9216666666666664,1009.5291666666668,53.56666666666666,5304,53.56666666666666,8,4,516650,District_B,480000,140,3.0,Low
CityB,2025-08-14,27.24833333333333,31.49,21.55333333333333,30.355416666666667,0.2946666666666667,21.025,24.22833333333333,57.57083333333333,2.04875,1011.2916666666666,53.35,4922,53.35,7,3,489457,District_B,480000,140,4.0,Low
CityB,2025-08-15,27.22375,32.038333333333334,21.657916666666665,31.739166666666662,0.2990416666666666,21.10833333333333,24.14583333333333,62.39166666666667,2.0429166666666667,1010.0416666666666,54.675,4876,54.675,8,4,520552,District_B,480000,140,5.0,Low
CityB,2025-08-16,29.232083333333332,33.544999999999995,21.811666666666667,31.44375,0.2819166666666666,22.3875,23.92083333333333,61.35833333333333,1.9625,1010.2791666666668,53.25833333333333,5185,53.25833333333333,9,5,453577,District_B,480000,140,6.0,Low
CityB,2025-08-17,26.756666666666664,31.805833333333336,21.57166666666667,29.0725,0.29425,20.829166666666666,24.110416666666666,60.57083333333333,1.96625,1010.1833333333334,52.9375,5574,52.9375,10,6,501965,District_B,480000,140,6.0,Medium
CityB,2025-08-18,28.91541666666667,33.56583333333334,20.379166666666663,30.18958333333333,0.2936666666666667,22.09166666666667,24.52625,61.6625,2.15375,1008.7,54.54583333333333,5292,54.54583333333333,10,6,531360,District_B,480000,140,6.0,Medium
CityB,2025-08-19,27.12,33.06541666666667,21.661666666666665,32.540416666666665,0.3082083333333333,21.25,23.876666666666665,59.6125,2.11125,1009.0,54.0375,4979,54.0375,12,6,524052,District_B,480000,140,6.0,Medium
CityB,2025-08-20,27.520416666666662,33.06458333333333,21.85875,31.44,0.304375,21.45,24.095416666666665,61.45416666666667,2.118333333333333,1010.4958333333334,57.20416666666667,5062,57.20416666666667,12,6,500522,District_B,480000,140,5.0,Medium
CityB,2025-08-21,27.45208333333333,32.250416666666666,21.31,29.696250000000003,0.3049166666666666,21.23333333333333,24.496666666666663,61.49583333333334,1.9958333333333331,1009.6291666666666,52.06666666666666,4769,52.06666666666666,11,5,486392,District_B,480000,140,4.0,Low
CityB,2025-08-22,28.985,34.03333333333333,22.87291666666667,28.446250000000003,0.293875,22.45,24.460833333333337,60.825,1.9679166666666668,1009.1666666666666,55.2125,5100,55.2125,8,4,520892,District_B,480000,140,5.0,Low
CityB,2025-08-23,29.165000000000003,34.0775,21.17125,29.360416666666666,0.2968333333333333,22.379166666666663,23.81375,62.833333333333336,1.8745833333333333,1009.6791666666668,54.5375,5629,54.5375,9,5,501788,District_B,480000,140,9.0,Low
CityB,2025-08-24,26.67833333333333,31.58,22.006666666666664,29.704166666666666,0.3228749999999999,20.79583333333333,24.131666666666664,61.32083333333333,1.903333333333333,1009.1291666666666,55.7625,4944,55.7625,14,9,499648,District_B,480000,140,5.0,Medium
CityB,2025-08-25,29.25583333333333,34.41875,22.98625,29.683333333333334,0.2974583333333333,22.67083333333333,24.1975,60.10416666666666,1.9516666666666669,1010.3416666666668,54.270833333333336,5663,54.270833333333336,9,5,480535,District_B,480000,140,4.0,Low
CityB,2025-08-26,29.235,34.7825,20.269166666666667,29.469166666666663,0.2994166666666666,22.4375,23.933333333333334,61.1375,2.200416666666667,1009.5791666666668,56.96666666666667,5212,56.96666666666667,7,4,482099,District_B,480000,140,6.0,Low
CityB,2025-08-27,26.255,31.299166666666665,20.9825,31.32208333333333,0.2934166666666666,20.45,24.33875,60.7875,2.0079166666666666,1009.8083333333334,55.74583333333334,5077,55.74583333333334,11,6,484978,District_B,480000,140,6.0,Medium
CityB,2025-08-28,27.39625,31.633750000000003,20.672083333333333,32.084583333333335,0.3111666666666666,21.04583333333333,23.93958333333333,59.54583333333333,2.0345833333333334,1010.7541666666666,54.50833333333333,5108,54.50833333333333,9,6,560753,District_B,480000,140,5.0,Medium
CityB,2025-08-29,28.03125,33.87625,21.000833333333333,30.76125,0.2825,21.77083333333333,24.139166666666668,58.65416666666667,2.05125,1010.8416666666668,54.47916666666666,5288,54.47916666666666,9,5,519100,District_B,480000,140,5.0,Low
CityB,2025-08-30,29.03125,33.78,21.555833333333336,29.800833333333333,0.3074583333333333,22.304166666666664,24.37333333333333,59.63333333333333,1.9425,1009.1375,54.35416666666666,5544,54.35416666666666,10,5,509815,District_B,480000,140,6.0,Low
CityB,2025-08-31,27.855416666666667,31.982916666666668,20.67375,28.782916666666665,0.3087916666666666,21.325,24.569166666666664,61.41666666666666,1.86875,1010.5875,53.9,5424,53.9,11,6,495758,District_B,480000,140,7.0,Medium
CityB,2025-09-01,28.09958333333333,31.74208333333333,24.212083333333336,30.73375,0.2995,21.758333333333336,24.145416666666662,58.62083333333334,2.0525,1010.05,52.87916666666666,5473,52.87916666666666,13,7,489199,District_B,480000,140,6.0,Medium
CityB,2025-09-02,25.964583333333334,31.6875,20.77458333333333,31.584166666666665,0.2915416666666666,20.34583333333333,24.025,60.44583333333333,1.95375,1009.7666666666668,54.7375,4937,54.7375,9,6,460466,District_B,480000,140,6.0,Medium
CityB,2025-09-03,28.50958333333333,33.26708333333333,21.305,29.595416666666665,0.3170833333333333,21.933333333333334,24.30541666666667,58.3,2.15375,1009.1666666666666,57.02916666666667,5307,57.02916666666667,11,6,536269,District_B,480000,140,4.0,Medium
CityB,2025-09-04,28.139166666666668,33.09458333333333,21.53625,30.344583333333333,0.309125,21.741666666666664,24.35083333333333,60.75,2.0329166666666665,1010.0666666666666,54.66666666666666,5457,54.66666666666666,10,4,532229,District_B,480000,140,4.0,Low
CityB,2025-09-05,28.094166666666663,32.55375,21.381666666666664,27.8675,0.2985,21.60833333333333,24.03458333333333,61.63333333333333,1.9266666666666667,1008.9875,55.13333333333333,5432,55.13333333333333,9,4,491891,District_B,480000,140,5.0,Low
CityB,2025-09-06,28.7425,33.997499999999995,20.43,31.085833333333337,0.3075416666666666,22.070833333333336,24.106666666666666,60.55833333333334,2.209583333333333,1010.9625,58.5875,5173,58.5875,10,5,469372,District_B,480000,140,5.0,Low
CityB,2025-09-07,26.31458333333333,30.11625,20.57875,30.62,0.3081666666666666,20.225,24.21708333333333,61.06666666666666,1.9995833333333333,1010.5416666666666,52.770833333333336,4992,52.770833333333336,10,5,479480,District_B,480000,140,7.0,Low
CityB,2025-09-08,27.809166666666663,32.72083333333333,22.63791666666667,30.53125,0.3040833333333333,21.625,24.09208333333333,60.4375,1.934583333333333,1009.4541666666664,53.89166666666667,5304,53.89166666666667,12,7,475655,District_B,480000,140,4.0,Medium
CityB,2025-09-09,26.172916666666666,30.36958333333333,21.60833333333333,29.99875,0.29525,20.304166666666667,24.197916666666668,61.8375,1.8825,1008.8791666666666,53.95,5502,53.95,8,4,508438,District_B,480000,140,7.0,Low
CityB,2025-09-10,27.549166666666668,32.732083333333335,20.90375,30.249166666666667,0.2916666666666667,21.320833333333333,24.209166666666665,58.2875,2.0329166666666665,1009.6208333333334,54.208333333333336,5074,54.208333333333336,11,7,506670,District_B,480000,140,6.0,Medium
CityB,2025-09-11,28.668333333333333,33.98125,21.38958333333333,31.304166666666664,0.2977916666666667,22.1375,24.39375,61.02916666666667,1.981666666666667,1010.4125,55.8875,5078,55.8875,11,6,477643,District_B,480000,140,7.0,Medium
CityB,2025-09-12,28.554166666666664,34.1425,21.683333333333334,29.8925,0.2972916666666667,22.141666666666666,24.578333333333333,58.7625,2.125,1009.15,52.708333333333336,5247,52.708333333333336,12,7,494371,District_B,480000,140,5.0,Medium
CityB,2025-09-13,26.79208333333333,32.145,22.33333333333333,30.709166666666665,0.30425,20.975,24.187083333333334,60.875,2.0316666666666667,1009.4625,52.9875,5307,52.9875,8,5,481910,District_B,480000,140,5.0,Low
CityB,2025-09-14,29.28125,34.36625,21.287916666666664,29.77541666666667,0.2935416666666666,22.4875,24.328333333333333,59.98333333333333,1.985833333333333,1010.3166666666666,55.36666666666667,5486,55.36666666666667,10,5,491776,District_B,480000,140,3.0,Low
CityB,2025-09-15,27.23583333333333,32.32666666666667,20.331666666666667,29.52208333333333,0.2760416666666667,21.02083333333333,24.357916666666668,57.55416666666667,1.9183333333333328,1010.5166666666668,53.208333333333336,5875,53.208333333333336,8,3,507803,District_B,480000,140,6.0,Low
CityB,2025-09-16,28.59583333333333,34.193333333333335,20.68916666666667,32.13666666666666,0.2961666666666666,22.066666666666663,24.010416666666668,62.11666666666667,2.067916666666666,1009.8041666666668,54.925,5035,54.925,11,6,552125,District_B,480000,140,6.0,Medium
CityB,2025-09-17,28.29958333333333,33.22,20.7475,29.8275,0.30225,21.77083333333333,24.04041666666667,61.9125,1.9054166666666663,1010.3041666666668,53.1625,5362,53.1625,10,6,507739,District_B,480000,140,4.0,Medium
CityB,2025-09-18,27.42958333333333,33.377500000000005,21.057916666666667,30.050833333333333,0.29975,21.3875,24.124583333333334,59.07083333333333,2.035,1009.2291666666666,56.10416666666666,4974,56.10416666666666,8,4,484773,District_B,480000,140,5.0,Low
CityB,2025-09-19,26.914583333333336,32.317083333333336,22.05625,31.120416666666667,0.3032916666666667,21.054166666666667,24.354166666666668,60.5,1.9029166666666668,1010.825,54.1125,5505,54.1125,8,5,492444,District_B,480000,140,5.0,Low
CityB,2025-09-20,27.611666666666665,33.3025,21.392916666666668,29.58666666666667,0.2905416666666666,21.504166666666663,24.39833333333333,58.72916666666666,2.103333333333333,1009.2458333333334,55.43333333333334,5232,55.43333333333334,11,5,487114,District_B,480000,140,3.0,Low
CityB,2025-09-21,27.57958333333333,31.935,21.54375,30.951666666666668,0.3032916666666667,21.266666666666666,24.27625,60.825,1.8845833333333333,1009.425,53.44166666666666,5182,53.44166666666666,8,3,490840,District_B,480000,140,4.0,Low
CityB,2025-09-22,28.86958333333333,33.62416666666667,21.5725,31.672083333333333,0.2912083333333333,22.191666666666663,24.02583333333333,60.7125,1.9575,1010.6291666666666,54.40416666666667,5215,54.40416666666667,7,4,514652,District_B,480000,140,4.0,Low
CityB,2025-09-23,29.33875,35.69916666666666,21.01375,31.532916666666665,0.2956249999999999,22.725,24.508750000000003,62.31666666666666,2.09375,1009.1166666666668,56.01666666666667,5482,56.01666666666667,7,4,474405,District_B,480000,140,5.0,Low
CityB,2025-09-24,26.40958333333333,31.09625,20.36916666666667,29.96375,0.3029166666666666,20.42083333333333,24.324166666666667,59.22916666666666,2.0591666666666666,1009.1333333333332,51.47916666666666,5357,51.47916666666666,10,5,489319,District_B,480000,140,5.0,Low
CityB,2025-09-25,28.80666666666667,32.83833333333333,23.40083333333333,30.16375,0.3120416666666666,22.22083333333333,24.11791666666667,59.04583333333333,2.0641666666666665,1009.3458333333332,54.44583333333333,5083,54.44583333333333,9,5,501102,District_B,480000,140,6.0,Low
CityB,2025-09-26,27.387083333333333,32.41875,20.96291666666667,30.704166666666666,0.3206666666666666,21.183333333333334,24.02583333333333,62.30416666666667,2.2070833333333333,1010.5666666666666,57.7875,5015,57.7875,10,6,497337,District_B,480000,140,3.0,Medium
CityB,2025-09-27,27.260416666666668,32.25333333333334,21.55625,30.692083333333333,0.2904583333333333,21.17083333333333,24.127916666666668,60.24166666666667,2.1641666666666666,1010.4625,55.62916666666666,4779,55.62916666666666,7,3,484743,District_B,480000,140,5.0,Low
CityB,2025-09-28,28.237916666666667,32.60166666666667,19.758333333333333,29.25,0.3027083333333333,21.52916666666667,24.089583333333334,61.40416666666667,1.8558333333333328,1010.3833333333332,54.44583333333333,5059,54.44583333333333,10,5,521475,District_B,480000,140,4.0,Low
CityB,2025-09-29,28.227500000000003,33.44083333333334,22.63958333333333,29.63458333333333,0.2878333333333333,21.941666666666663,24.33875,61.7375,1.981666666666667,1010.375,53.9625,5029,53.9625,7,4,529526,District_B,480000,140,4.0,Low
CityB,2025-09-30,28.56125,33.98791666666667,22.058333333333334,29.280833333333334,0.3061666666666666,22.15,23.692916666666665,58.5,2.004166666666667,1011.1333333333332,54.44583333333333,5538,54.44583333333333,9,4,449796,District_B,480000,140,6.0,Low
CityB,2025-10-01,27.0775,32.214166666666664,21.109583333333333,29.35875,0.30225,21.016666666666666,24.167916666666667,60.458333333333336,2.120833333333333,1009.9208333333332,54.90416666666667,5105,54.90416666666667,10,6,511521,District_B,480000,140,5.0,Medium
CityB,2025-10-02,28.357916666666668,33.39,20.11916666666667,30.49291666666667,0.3201666666666666,21.758333333333336,24.10375,59.21666666666667,1.985,1010.5541666666668,51.325,5072,51.325,10,5,484272,District_B,480000,140,6.0,Low
CityB,2025-10-03,27.72125,32.77875,21.307916666666667,30.812916666666663,0.2992083333333333,21.46666666666667,23.652916666666663,59.15416666666667,1.93875,1008.7541666666666,56.17083333333333,5310,56.17083333333333,10,6,440811,District_B,480000,140,6.0,Medium
CityB,2025-10-04,28.992083333333337,33.92541666666667,21.71291666666667,29.27416666666667,0.2777916666666666,22.325,24.15041666666667,57.7625,1.935,1009.6291666666666,55.825,5220,55.825,11,6,496654,District_B,480000,140,6.0,Medium
CityB,2025-10-05,27.91375,32.443333333333335,21.3375,30.115416666666665,0.2873333333333333,21.495833333333334,23.972916666666663,59.7375,1.85375,1010.0333333333332,54.2625,5475,54.2625,11,6,504515,District_B,480000,140,3.0,Medium
CityB,2025-10-06,27.38083333333333,32.23625,21.54375,31.61791666666667,0.2948333333333333,21.216666666666665,24.0225,60.583333333333336,1.99125,1009.6583333333332,52.49166666666667,5419,52.49166666666667,6,3,510128,District_B,480000,140,5.0,Low
CityB,2025-10-07,25.92958333333333,30.98333333333333,21.28125,29.89208333333333,0.294125,20.266666666666666,24.144166666666667,58.30416666666667,1.9729166666666669,1009.4708333333332,53.19583333333333,4993,53.19583333333333,9,5,503280,District_B,480000,140,6.0,Low
CityB,2025-10-08,27.63625,32.64416666666667,21.624583333333334,29.5075,0.3062499999999999,21.416666666666668,23.6525,60.15,2.064583333333333,1009.4291666666668,54.67916666666667,5142,54.67916666666667,10,6,508791,District_B,480000,140,7.0,Medium
CityB,2025-10-09,29.40041666666667,34.82833333333333,21.857916666666668,29.7475,0.289125,22.683333333333334,24.092916666666667,60.43333333333334,2.0995833333333334,1010.0666666666666,57.6,5109,57.6,12,7,452628,District_B,480000,140,5.0,Medium
CityB,2025-10-10,27.955416666666665,34.125,20.206666666666667,30.8825,0.309,21.675,24.17083333333333,59.8,1.9295833333333332,1011.0916666666668,53.44583333333333,5212,53.44583333333333,9,5,498739,District_B,480000,140,5.0,Low
CityB,2025-10-11,28.050416666666667,32.19958333333333,22.023750000000003,31.37625,0.2905416666666666,21.59583333333333,23.32,60.04166666666666,1.76375,1008.7375,56.925,4956,56.925,9,5,486593,District_B,480000,140,6.0,Low
CityB,2025-10-12,27.549166666666665,32.66291666666667,21.610416666666666,29.13416666666667,0.3065,21.383333333333336,24.13583333333333,59.63333333333333,2.0191666666666666,1008.7458333333334,53.07083333333333,5200,53.07083333333333,10,6,500708,District_B,480000,140,4.0,Medium
CityB,2025-10-13,27.238333333333333,32.21125,21.27958333333333,30.63458333333333,0.2939583333333333,21.116666666666667,23.989166666666662,64.04166666666667,1.887916666666667,1011.1625,56.02916666666667,5081,56.02916666666667,7,4,512394,District_B,480000,140,4.0,Low
CityB,2025-10-14,27.06833333333333,31.22583333333333,23.805833333333336,31.15458333333333,0.3117916666666667,21.120833333333334,24.459166666666665,58.45416666666667,2.006666666666667,1009.1708333333332,57.16666666666666,5037,57.16666666666666,9,4,506040,District_B,480000,140,4.0,Low
CityB,2025-10-15,28.715416666666663,34.22708333333333,20.3725,28.074583333333333,0.28175,22.09583333333333,23.90416666666667,58.8375,1.83625,1010.0041666666666,52.79166666666666,5395,52.79166666666666,8,4,498434,District_B,480000,140,7.0,Low
CityB,2025-10-16,28.618333333333336,33.134166666666665,21.766666666666666,30.025,0.2855416666666666,22.016666666666666,23.78458333333333,59.1875,2.07875,1009.4791666666666,54.208333333333336,5166,54.208333333333336,12,7,497786,District_B,480000,140,4.0,Medium
CityB,2025-10-17,27.09125,32.3925,21.57166666666667,30.85458333333333,0.2997083333333333,21.1,24.361666666666665,58.5625,1.8641666666666667,1009.7916666666666,55.76666666666667,5378,55.76666666666667,8,4,499977,District_B,480000,140,6.0,Low
CityB,2025-10-18,26.52583333333333,31.9225,18.985,29.46875,0.309375,20.479166666666668,24.19541666666667,60.5625,2.137083333333333,1010.1916666666666,54.26666666666667,5422,54.26666666666667,11,6,483758,District_B,480000,140,5.0,Medium
CityB,2025-10-19,27.557916666666667,31.97458333333333,20.811666666666667,29.865,0.2982916666666667,21.183333333333334,24.567916666666665,59.4375,1.9408333333333327,1010.4,56.00416666666666,5189,56.00416666666666,9,5,499575,District_B,480000,140,4.0,Low
CityB,2025-10-20,27.43208333333333,31.52583333333333,21.40375,30.74083333333333,0.302125,21.120833333333334,24.27208333333333,57.85833333333333,2.025416666666666,1011.2541666666666,54.6375,5220,54.6375,9,4,498291,District_B,480000,140,7.0,Low
CityB,2025-10-21,28.26708333333333,33.91875,20.938333333333333,29.52958333333333,0.3018333333333333,21.883333333333336,23.70125,59.525,2.125,1010.1333333333332,54.975,4940,54.975,11,7,519688,District_B,480000,140,5.0,Medium
CityB,2025-10-22,28.41333333333333,33.69166666666667,20.105,28.972916666666663,0.2877083333333333,21.8375,24.212083333333336,60.17083333333333,2.0029166666666667,1009.9833333333332,53.07916666666667,4754,53.07916666666667,9,5,524860,District_B,480000,140,5.0,Low
CityB,2025-10-23,27.48125,32.97708333333333,20.19833333333333,30.481666666666666,0.2919166666666666,21.258333333333333,24.5325,59.3375,2.1054166666666667,1011.0333333333332,54.98333333333333,5683,54.98333333333333,9,5,499418,District_B,480000,140,3.0,Low
CityB,2025-10-24,27.826666666666668,32.72958333333333,23.47208333333333,29.817083333333333,0.302125,21.725,24.521666666666665,62.9125,2.043333333333333,1009.5166666666668,54.2,4863,54.2,5,3,519325,District_B,480000,140,4.0,Low
CityB,2025-10-25,27.77833333333333,33.0275,21.191666666666663,31.112916666666667,0.3108333333333333,21.525,24.015,59.52916666666667,2.06375,1010.475,56.775,5194,56.775,9,4,530431,District_B,480000,140,5.0,Low
CityB,2025-10-26,27.809166666666663,32.330416666666665,21.067916666666665,29.471666666666668,0.3015833333333333,21.40416666666667,24.84,60.4375,2.00125,1010.7833333333332,55.94583333333333,5072,55.94583333333333,9,5,508977,District_B,480000,140,9.0,Low
CityB,2025-10-27,29.57208333333333,33.85666666666666,21.544166666666666,28.77583333333333,0.3095,22.579166666666666,24.286666666666665,58.90833333333333,1.8995833333333332,1011.0416666666666,55.53333333333333,5202,55.53333333333333,15,9,503565,District_B,480000,140,6.0,Medium
CityB,2025-10-28,28.67958333333333,32.720416666666665,20.852083333333333,30.740416666666665,0.3066666666666666,21.875,24.363333333333333,60.78333333333333,1.8970833333333332,1010.0958333333332,54.337500000000006,4738,54.337500000000006,10,6,510546,District_B,480000,140,6.0,Medium
CityB,2025-10-29,28.77416666666667,33.420833333333334,21.711250000000003,30.050416666666667,0.2974583333333333,22.120833333333334,24.034166666666668,58.0,1.9241666666666664,1010.9958333333334,55.7,5180,55.7,11,6,510717,District_B,480000,140,,Medium
CityC,2025-08-01,10.990833333333333,14.534999999999998,20.82958333333333,30.269583333333333,0.306875,9.920833333333333,26.01,57.85,1.90125,1009.1,37.72083333333334,5571,37.72083333333334,16,9,492930,District_C,500000,130,6.0,Medium
CityC,2025-08-02,10.342916666666666,15.206666666666663,21.129583333333333,28.970416666666665,0.303375,9.820833333333333,25.37875,60.475,1.9379166666666665,1008.9583333333334,40.0125,5355,40.0125,12,6,484618,District_C,500000,130,8.0,Medium
CityC,2025-08-03,12.881666666666668,17.83875,20.644166666666667,29.71291666666667,0.3004583333333333,11.479166666666666,25.93041666666667,59.6875,2.0933333333333333,1010.9833333333332,36.28333333333333,4907,36.28333333333333,15,8,490366,District_C,500000,130,8.0,Medium
CityC,2025-08-04,12.005,17.14875,21.27083333333333,28.78833333333333,0.295375,10.9875,25.11916666666667,59.35,2.1879166666666667,1009.9833333333332,39.575,5474,39.575,14,8,525656,District_C,500000,130,7.0,Medium
CityC,2025-08-05,10.164166666666668,14.734166666666669,20.935416666666665,29.25,0.300625,9.608333333333333,25.47833333333333,60.99583333333334,1.892083333333333,1011.0,36.47916666666666,5347,36.47916666666666,14,7,518111,District_C,500000,130,7.0,Medium
CityC,2025-08-06,10.625833333333334,16.079166666666666,20.90958333333333,28.56,0.2999583333333333,10.079166666666667,25.68875,60.05833333333334,1.95875,1009.6458333333334,36.65833333333333,5457,36.65833333333333,13,7,502878,District_C,500000,130,6.0,Medium
CityC,2025-08-07,10.31,15.086666666666666,21.602500000000003,29.911666666666665,0.2895,9.829166666666667,25.425416666666667,60.94166666666666,1.9541666666666664,1010.5041666666666,36.829166666666666,5250,36.829166666666666,13,6,494774,District_C,500000,130,6.0,Medium
CityC,2025-08-08,12.964583333333332,19.36125,21.03708333333333,31.662916666666664,0.3044166666666666,11.8125,25.396666666666665,60.03333333333333,1.913333333333333,1010.8958333333334,37.975,4952,37.975,12,6,493358,District_C,500000,130,8.0,Medium
CityC,2025-08-09,10.232916666666666,15.204583333333334,20.90458333333333,28.921666666666667,0.307875,9.6375,25.575833333333332,60.6875,2.052083333333333,1009.8458333333332,39.57083333333333,5176,39.57083333333333,12,8,469126,District_C,500000,130,6.0,Medium
CityC,2025-08-10,12.085416666666667,17.275833333333335,21.2825,31.4975,0.3151666666666666,10.95,25.612916666666667,60.12916666666666,1.8283333333333331,1009.2,39.454166666666666,4952,39.454166666666666,12,6,481159,District_C,500000,130,11.0,Medium
CityC,2025-08-11,12.740416666666668,17.89875,21.005,29.67458333333333,0.300875,11.4625,25.33791666666667,60.29583333333333,1.9583333333333333,1009.2916666666666,38.6625,5213,38.6625,16,11,485249,District_C,500000,130,9.0,Medium
CityC,2025-08-12,10.544583333333334,14.65875,21.351250000000004,31.174166666666668,0.2878333333333333,9.854166666666666,26.155416666666667,60.25416666666667,2.08625,1010.2291666666666,36.66666666666666,5150,36.66666666666666,15,9,507126,District_C,500000,130,7.0,Medium
CityC,2025-08-13,9.805833333333334,14.886666666666668,20.902916666666663,30.120833333333334,0.3002083333333333,9.470833333333331,25.477500000000003,61.43333333333334,1.9779166666666663,1010.6666666666666,35.625,5464,35.625,12,7,519847,District_C,500000,130,6.0,Medium
CityC,2025-08-14,11.905833333333334,16.429583333333333,21.230833333333333,29.3625,0.3107916666666666,10.804166666666667,25.765416666666667,60.275,1.99,1009.5166666666668,38.6875,5669,38.6875,13,6,514553,District_C,500000,130,9.0,Medium
CityC,2025-08-15,12.256666666666668,16.793333333333333,21.357083333333332,29.989166666666662,0.3187916666666666,11.029166666666669,24.945833333333336,60.62916666666666,2.023333333333333,1009.4166666666666,35.69166666666667,5036,35.69166666666667,16,9,488953,District_C,500000,130,9.0,Medium
CityC,2025-08-16,10.891666666666666,14.51,20.665,31.238333333333333,0.3015833333333333,9.7875,25.5575,61.75416666666666,2.1266666666666665,1008.475,39.41666666666666,5243,39.41666666666666,14,9,489586,District_C,500000,130,8.0,Medium
CityC,2025-08-17,9.805833333333334,14.750416666666666,22.269583333333333,30.095416666666665,0.3002083333333333,9.5875,25.407083333333333,59.1,1.9483333333333333,1011.1375,38.1125,5762,38.1125,13,8,477671,District_C,500000,130,8.0,Medium
CityC,2025-08-18,11.68125,16.174583333333334,20.44125,29.30375,0.2987083333333333,10.583333333333334,25.76708333333333,59.2625,1.877916666666667,1010.1916666666666,36.80833333333333,5168,36.80833333333333,14,8,506173,District_C,500000,130,7.0,Medium
CityC,2025-08-19,12.652916666666668,17.347083333333334,20.41541666666667,30.597916666666663,0.31,11.225,25.41416666666667,63.725,2.0125,1010.4541666666668,39.04583333333333,5118,39.04583333333333,12,7,513217,District_C,500000,130,7.0,Medium
CityC,2025-08-20,12.195833333333333,18.199166666666667,19.75583333333333,31.50708333333333,0.3118749999999999,11.095833333333331,25.71166666666667,60.8875,1.971666666666667,1009.2958333333336,36.85,5062,36.85,13,7,486818,District_C,500000,130,8.0,Medium
